create database empresa;

use empresa;

BEGIN;
CREATE TABLE IF NOT EXISTS time (
	time_id	int(11) NOT NULL,
	time_datetime	datetime DEFAULT NULL,
	time_year	int(4),
	time_month	int(2),
	time_day	int(2),
	time_hour	int(2),
	time_minute	int(2),
	time_second	int(2),
	time_day_of_week	int(1),
	PRIMARY KEY(time_id)
);
CREATE TABLE IF NOT EXISTS sales (
	sales_id	int(11) NOT NULL,
	time_id	int(11) DEFAULT NULL,
	product_id	int(11) DEFAULT NULL,
	region_id	int(11) DEFAULT NULL,
	transaction_amount	int(11) DEFAULT NULL,
	PRIMARY KEY(sales_id)
);
CREATE TABLE IF NOT EXISTS regions (
	region_id	int(11) NOT NULL,
	region_name	varchar(50) DEFAULT NULL,
	region_description	varchar(255) DEFAULT NULL,
	PRIMARY KEY(region_id)
);
CREATE TABLE IF NOT EXISTS products (
	product_id	int(11) NOT NULL,
	product_name	varchar(50) DEFAULT NULL,
	product_description	varchar(255) DEFAULT NULL,
	PRIMARY KEY(product_id)
);
INSERT INTO time VALUES (1,'2017-10-11 19:52:57',2017,10,11,19,52,57,4);
INSERT INTO time VALUES (2,'2018-01-24 19:15:24',2018,1,24,19,15,24,4);
INSERT INTO time VALUES (3,'2017-12-06 19:45:58',2017,12,6,19,45,58,4);
INSERT INTO time VALUES (4,'2013-12-02 21:52:36',2013,12,2,21,52,36,2);
INSERT INTO time VALUES (5,'2014-12-14 02:05:11',2014,12,14,2,5,11,1);
INSERT INTO time VALUES (6,'2012-07-29 21:09:10',2012,7,29,21,9,10,1);
INSERT INTO time VALUES (7,'2014-11-17 14:58:14',2014,11,17,14,58,14,2);
INSERT INTO time VALUES (8,'2015-04-07 00:12:12',2015,4,7,0,12,12,3);
INSERT INTO time VALUES (9,'2014-09-10 00:02:14',2014,9,10,0,2,14,4);
INSERT INTO time VALUES (10,'2014-11-17 19:02:08',2014,11,17,19,2,8,2);
INSERT INTO time VALUES (11,'2014-03-02 04:01:47',2014,3,2,4,1,47,1);
INSERT INTO time VALUES (12,'2015-02-24 23:11:21',2015,2,24,23,11,21,3);
INSERT INTO time VALUES (13,'2013-11-08 03:04:26',2013,11,8,3,4,26,6);
INSERT INTO time VALUES (14,'2016-03-03 17:49:18',2016,3,3,17,49,18,5);
INSERT INTO time VALUES (15,'2016-05-26 16:44:36',2016,5,26,16,44,36,5);
INSERT INTO time VALUES (16,'2014-09-23 10:34:40',2014,9,23,10,34,40,3);
INSERT INTO time VALUES (17,'2015-08-05 03:01:48',2015,8,5,3,1,48,4);
INSERT INTO time VALUES (18,'2015-12-14 14:02:15',2015,12,14,14,2,15,2);
INSERT INTO time VALUES (19,'2015-05-21 10:48:31',2015,5,21,10,48,31,5);
INSERT INTO time VALUES (20,'2016-12-07 04:32:51',2016,12,7,4,32,51,4);
INSERT INTO time VALUES (21,'2015-01-12 10:21:01',2015,1,12,10,21,1,2);
INSERT INTO time VALUES (22,'2016-09-10 22:09:21',2016,9,10,22,9,21,7);
INSERT INTO time VALUES (23,'2014-08-02 04:32:47',2014,8,2,4,32,47,7);
INSERT INTO time VALUES (24,'2017-06-07 13:21:01',2017,6,7,13,21,1,4);
INSERT INTO time VALUES (25,'2012-08-15 13:45:48',2012,8,15,13,45,48,4);
INSERT INTO time VALUES (26,'2017-08-23 23:16:49',2017,8,23,23,16,49,4);
INSERT INTO time VALUES (27,'2017-02-02 05:39:02',2017,2,2,5,39,2,5);
INSERT INTO time VALUES (28,'2015-10-04 17:49:15',2015,10,4,17,49,15,1);
INSERT INTO time VALUES (29,'2013-02-08 22:53:38',2013,2,8,22,53,38,6);
INSERT INTO time VALUES (30,'2013-02-04 12:59:42',2013,2,4,12,59,42,2);
INSERT INTO time VALUES (31,'2013-11-16 08:03:53',2013,11,16,8,3,53,7);
INSERT INTO time VALUES (32,'2015-05-11 16:32:37',2015,5,11,16,32,37,2);
INSERT INTO time VALUES (33,'2016-01-07 19:09:17',2016,1,7,19,9,17,5);
INSERT INTO time VALUES (34,'2013-02-05 05:55:00',2013,2,5,5,55,0,3);
INSERT INTO time VALUES (35,'2012-05-29 14:01:54',2012,5,29,14,1,54,3);
INSERT INTO time VALUES (36,'2013-06-03 20:22:12',2013,6,3,20,22,12,2);
INSERT INTO time VALUES (37,'2015-06-28 08:55:02',2015,6,28,8,55,2,1);
INSERT INTO time VALUES (38,'2012-06-28 16:29:15',2012,6,28,16,29,15,5);
INSERT INTO time VALUES (39,'2016-02-09 14:15:34',2016,2,9,14,15,34,3);
INSERT INTO time VALUES (40,'2015-08-14 13:43:09',2015,8,14,13,43,9,6);
INSERT INTO time VALUES (41,'2015-05-23 13:02:01',2015,5,23,13,2,1,7);
INSERT INTO time VALUES (42,'2012-09-01 09:29:49',2012,9,1,9,29,49,7);
INSERT INTO time VALUES (43,'2014-04-11 05:32:58',2014,4,11,5,32,58,6);
INSERT INTO time VALUES (44,'2012-05-31 22:19:15',2012,5,31,22,19,15,5);
INSERT INTO time VALUES (45,'2015-09-25 23:30:51',2015,9,25,23,30,51,6);
INSERT INTO time VALUES (46,'2017-04-22 00:46:05',2017,4,22,0,46,5,7);
INSERT INTO time VALUES (47,'2014-10-31 12:39:01',2014,10,31,12,39,1,6);
INSERT INTO time VALUES (48,'2017-06-22 05:17:27',2017,6,22,5,17,27,5);
INSERT INTO time VALUES (49,'2017-04-25 18:24:11',2017,4,25,18,24,11,3);
INSERT INTO time VALUES (50,'2018-01-15 03:16:47',2018,1,15,3,16,47,2);
INSERT INTO time VALUES (51,'2018-01-23 18:04:16',2018,1,23,18,4,16,3);
INSERT INTO time VALUES (52,'2016-11-20 17:10:29',2016,11,20,17,10,29,1);
INSERT INTO time VALUES (53,'2012-11-01 00:32:28',2012,11,1,0,32,28,5);
INSERT INTO time VALUES (54,'2014-05-22 05:37:40',2014,5,22,5,37,40,5);
INSERT INTO time VALUES (55,'2014-04-30 10:16:23',2014,4,30,10,16,23,4);
INSERT INTO time VALUES (56,'2016-09-14 02:03:59',2016,9,14,2,3,59,4);
INSERT INTO time VALUES (57,'2013-07-21 16:53:48',2013,7,21,16,53,48,1);
INSERT INTO time VALUES (58,'2013-07-07 06:13:18',2013,7,7,6,13,18,1);
INSERT INTO time VALUES (59,'2014-05-28 10:56:16',2014,5,28,10,56,16,4);
INSERT INTO time VALUES (60,'2017-05-25 22:56:36',2017,5,25,22,56,36,5);
INSERT INTO time VALUES (61,'2015-05-28 18:12:50',2015,5,28,18,12,50,5);
INSERT INTO time VALUES (62,'2016-09-23 13:49:55',2016,9,23,13,49,55,6);
INSERT INTO time VALUES (63,'2016-09-29 16:56:21',2016,9,29,16,56,21,5);
INSERT INTO time VALUES (64,'2017-03-03 12:39:50',2017,3,3,12,39,50,6);
INSERT INTO time VALUES (65,'2014-10-06 14:23:06',2014,10,6,14,23,6,2);
INSERT INTO time VALUES (66,'2015-10-12 20:38:42',2015,10,12,20,38,42,2);
INSERT INTO time VALUES (67,'2014-04-04 16:43:17',2014,4,4,16,43,17,6);
INSERT INTO time VALUES (68,'2014-05-03 10:50:13',2014,5,3,10,50,13,7);
INSERT INTO time VALUES (69,'2015-10-07 02:37:26',2015,10,7,2,37,26,4);
INSERT INTO time VALUES (70,'2017-07-13 14:03:55',2017,7,13,14,3,55,5);
INSERT INTO time VALUES (71,'2012-09-17 09:15:23',2012,9,17,9,15,23,2);
INSERT INTO time VALUES (72,'2017-12-07 23:41:35',2017,12,7,23,41,35,5);
INSERT INTO time VALUES (73,'2012-09-13 23:29:44',2012,9,13,23,29,44,5);
INSERT INTO time VALUES (74,'2013-03-12 00:15:17',2013,3,12,0,15,17,3);
INSERT INTO time VALUES (75,'2014-11-02 03:48:14',2014,11,2,3,48,14,1);
INSERT INTO time VALUES (76,'2013-09-12 10:38:25',2013,9,12,10,38,25,5);
INSERT INTO time VALUES (77,'2017-05-03 13:31:40',2017,5,3,13,31,40,4);
INSERT INTO time VALUES (78,'2016-09-14 13:19:24',2016,9,14,13,19,24,4);
INSERT INTO time VALUES (79,'2018-02-27 21:05:25',2018,2,27,21,5,25,3);
INSERT INTO time VALUES (80,'2017-12-01 10:14:18',2017,12,1,10,14,18,6);
INSERT INTO time VALUES (81,'2015-11-05 07:42:46',2015,11,5,7,42,46,5);
INSERT INTO time VALUES (82,'2015-01-07 03:12:47',2015,1,7,3,12,47,4);
INSERT INTO time VALUES (83,'2017-12-21 17:56:19',2017,12,21,17,56,19,5);
INSERT INTO time VALUES (84,'2013-10-10 05:35:36',2013,10,10,5,35,36,5);
INSERT INTO time VALUES (85,'2016-01-10 01:17:32',2016,1,10,1,17,32,1);
INSERT INTO time VALUES (86,'2017-12-22 02:14:00',2017,12,22,2,14,0,6);
INSERT INTO time VALUES (87,'2014-05-25 18:07:40',2014,5,25,18,7,40,1);
INSERT INTO time VALUES (88,'2013-01-09 13:01:41',2013,1,9,13,1,41,4);
INSERT INTO time VALUES (89,'2017-01-15 20:50:05',2017,1,15,20,50,5,1);
INSERT INTO time VALUES (90,'2017-09-01 12:09:14',2017,9,1,12,9,14,6);
INSERT INTO time VALUES (91,'2018-04-07 13:22:55',2018,4,7,13,22,55,7);
INSERT INTO time VALUES (92,'2014-02-07 09:24:37',2014,2,7,9,24,37,6);
INSERT INTO time VALUES (93,'2015-06-28 16:30:46',2015,6,28,16,30,46,1);
INSERT INTO time VALUES (94,'2016-05-24 20:47:33',2016,5,24,20,47,33,3);
INSERT INTO time VALUES (95,'2012-11-02 12:03:04',2012,11,2,12,3,4,6);
INSERT INTO time VALUES (96,'2014-04-08 15:38:20',2014,4,8,15,38,20,3);
INSERT INTO time VALUES (97,'2016-11-11 05:16:28',2016,11,11,5,16,28,6);
INSERT INTO time VALUES (98,'2014-05-23 10:54:00',2014,5,23,10,54,0,6);
INSERT INTO time VALUES (99,'2016-03-02 15:27:19',2016,3,2,15,27,19,4);
INSERT INTO time VALUES (100,'2017-04-18 19:46:11',2017,4,18,19,46,11,3);
INSERT INTO time VALUES (101,'2015-05-14 04:37:10',2015,5,14,4,37,10,5);
INSERT INTO time VALUES (102,'2013-03-02 17:23:16',2013,3,2,17,23,16,7);
INSERT INTO time VALUES (103,'2014-08-22 22:26:24',2014,8,22,22,26,24,6);
INSERT INTO time VALUES (104,'2014-04-02 01:57:02',2014,4,2,1,57,2,4);
INSERT INTO time VALUES (105,'2015-06-18 08:38:34',2015,6,18,8,38,34,5);
INSERT INTO time VALUES (106,'2017-01-20 21:44:41',2017,1,20,21,44,41,6);
INSERT INTO time VALUES (107,'2017-06-22 05:27:11',2017,6,22,5,27,11,5);
INSERT INTO time VALUES (108,'2016-01-10 19:43:59',2016,1,10,19,43,59,1);
INSERT INTO time VALUES (109,'2017-04-04 10:52:48',2017,4,4,10,52,48,3);
INSERT INTO time VALUES (110,'2017-10-12 02:25:23',2017,10,12,2,25,23,5);
INSERT INTO time VALUES (111,'2015-07-22 14:41:31',2015,7,22,14,41,31,4);
INSERT INTO time VALUES (112,'2015-09-28 21:01:52',2015,9,28,21,1,52,2);
INSERT INTO time VALUES (113,'2017-01-24 12:06:24',2017,1,24,12,6,24,3);
INSERT INTO time VALUES (114,'2016-09-26 18:35:36',2016,9,26,18,35,36,2);
INSERT INTO time VALUES (115,'2018-04-04 20:27:12',2018,4,4,20,27,12,4);
INSERT INTO time VALUES (116,'2016-11-23 08:41:01',2016,11,23,8,41,1,4);
INSERT INTO time VALUES (117,'2015-06-07 20:51:13',2015,6,7,20,51,13,1);
INSERT INTO time VALUES (118,'2014-11-25 05:47:13',2014,11,25,5,47,13,3);
INSERT INTO time VALUES (119,'2015-03-17 13:13:04',2015,3,17,13,13,4,3);
INSERT INTO time VALUES (120,'2015-08-06 05:18:41',2015,8,6,5,18,41,5);
INSERT INTO time VALUES (121,'2013-02-15 19:05:47',2013,2,15,19,5,47,6);
INSERT INTO time VALUES (122,'2014-12-22 01:52:17',2014,12,22,1,52,17,2);
INSERT INTO time VALUES (123,'2015-01-05 08:38:33',2015,1,5,8,38,33,2);
INSERT INTO time VALUES (124,'2016-09-26 20:07:22',2016,9,26,20,7,22,2);
INSERT INTO time VALUES (125,'2014-12-22 07:00:14',2014,12,22,7,0,14,2);
INSERT INTO time VALUES (126,'2015-07-08 18:45:12',2015,7,8,18,45,12,4);
INSERT INTO time VALUES (127,'2015-01-03 03:31:18',2015,1,3,3,31,18,7);
INSERT INTO time VALUES (128,'2016-07-23 07:25:16',2016,7,23,7,25,16,7);
INSERT INTO time VALUES (129,'2012-10-22 08:58:01',2012,10,22,8,58,1,2);
INSERT INTO time VALUES (130,'2014-12-16 07:44:00',2014,12,16,7,44,0,3);
INSERT INTO time VALUES (131,'2015-02-21 04:29:45',2015,2,21,4,29,45,7);
INSERT INTO time VALUES (132,'2017-01-04 21:39:48',2017,1,4,21,39,48,4);
INSERT INTO time VALUES (133,'2013-01-11 03:05:59',2013,1,11,3,5,59,6);
INSERT INTO time VALUES (134,'2016-04-12 18:25:33',2016,4,12,18,25,33,3);
INSERT INTO time VALUES (135,'2014-10-01 07:59:16',2014,10,1,7,59,16,4);
INSERT INTO time VALUES (136,'2015-12-09 12:22:36',2015,12,9,12,22,36,4);
INSERT INTO time VALUES (137,'2014-10-13 06:22:48',2014,10,13,6,22,48,2);
INSERT INTO time VALUES (138,'2014-03-07 18:13:08',2014,3,7,18,13,8,6);
INSERT INTO time VALUES (139,'2017-09-26 19:30:24',2017,9,26,19,30,24,3);
INSERT INTO time VALUES (140,'2017-09-29 02:23:26',2017,9,29,2,23,26,6);
INSERT INTO time VALUES (141,'2014-10-14 06:32:19',2014,10,14,6,32,19,3);
INSERT INTO time VALUES (142,'2015-01-14 19:45:39',2015,1,14,19,45,39,4);
INSERT INTO time VALUES (143,'2013-12-07 03:57:49',2013,12,7,3,57,49,7);
INSERT INTO time VALUES (144,'2017-08-20 01:13:30',2017,8,20,1,13,30,1);
INSERT INTO time VALUES (145,'2017-07-19 05:10:33',2017,7,19,5,10,33,4);
INSERT INTO time VALUES (146,'2015-02-06 12:18:18',2015,2,6,12,18,18,6);
INSERT INTO time VALUES (147,'2015-08-23 10:56:59',2015,8,23,10,56,59,1);
INSERT INTO time VALUES (148,'2014-05-07 08:11:02',2014,5,7,8,11,2,4);
INSERT INTO time VALUES (149,'2016-04-13 12:35:30',2016,4,13,12,35,30,4);
INSERT INTO time VALUES (150,'2013-01-11 07:17:25',2013,1,11,7,17,25,6);
INSERT INTO time VALUES (151,'2013-08-07 14:11:27',2013,8,7,14,11,27,4);
INSERT INTO time VALUES (152,'2017-02-13 22:30:26',2017,2,13,22,30,26,2);
INSERT INTO time VALUES (153,'2016-04-08 01:25:55',2016,4,8,1,25,55,6);
INSERT INTO time VALUES (154,'2018-04-05 08:33:24',2018,4,5,8,33,24,5);
INSERT INTO time VALUES (155,'2012-07-19 13:01:51',2012,7,19,13,1,51,5);
INSERT INTO time VALUES (156,'2017-06-14 20:07:56',2017,6,14,20,7,56,4);
INSERT INTO time VALUES (157,'2016-04-20 23:11:33',2016,4,20,23,11,33,4);
INSERT INTO time VALUES (158,'2017-09-24 18:25:48',2017,9,24,18,25,48,1);
INSERT INTO time VALUES (159,'2013-09-22 17:20:56',2013,9,22,17,20,56,1);
INSERT INTO time VALUES (160,'2017-11-21 01:03:58',2017,11,21,1,3,58,3);
INSERT INTO time VALUES (161,'2016-02-25 08:11:11',2016,2,25,8,11,11,5);
INSERT INTO time VALUES (162,'2017-06-01 23:09:15',2017,6,1,23,9,15,5);
INSERT INTO time VALUES (163,'2015-08-13 01:25:38',2015,8,13,1,25,38,5);
INSERT INTO time VALUES (164,'2015-05-28 01:25:31',2015,5,28,1,25,31,5);
INSERT INTO time VALUES (165,'2012-12-18 18:22:55',2012,12,18,18,22,55,3);
INSERT INTO time VALUES (166,'2014-08-09 23:43:12',2014,8,9,23,43,12,7);
INSERT INTO time VALUES (167,'2016-03-30 00:18:22',2016,3,30,0,18,22,4);
INSERT INTO time VALUES (168,'2016-09-09 05:43:06',2016,9,9,5,43,6,6);
INSERT INTO time VALUES (169,'2014-04-18 02:30:57',2014,4,18,2,30,57,6);
INSERT INTO time VALUES (170,'2015-02-04 03:45:53',2015,2,4,3,45,53,4);
INSERT INTO time VALUES (171,'2017-05-01 00:38:43',2017,5,1,0,38,43,2);
INSERT INTO time VALUES (172,'2016-02-14 18:02:01',2016,2,14,18,2,1,1);
INSERT INTO time VALUES (173,'2013-08-28 16:57:33',2013,8,28,16,57,33,4);
INSERT INTO time VALUES (174,'2015-08-14 15:06:13',2015,8,14,15,6,13,6);
INSERT INTO time VALUES (175,'2015-10-25 15:08:01',2015,10,25,15,8,1,1);
INSERT INTO time VALUES (176,'2017-05-25 11:17:34',2017,5,25,11,17,34,5);
INSERT INTO time VALUES (177,'2016-07-03 15:45:21',2016,7,3,15,45,21,1);
INSERT INTO time VALUES (178,'2016-08-19 08:06:28',2016,8,19,8,6,28,6);
INSERT INTO time VALUES (179,'2016-07-10 18:19:55',2016,7,10,18,19,55,1);
INSERT INTO time VALUES (180,'2016-07-14 13:05:14',2016,7,14,13,5,14,5);
INSERT INTO time VALUES (181,'2017-01-19 23:02:03',2017,1,19,23,2,3,5);
INSERT INTO time VALUES (182,'2017-11-13 02:26:40',2017,11,13,2,26,40,2);
INSERT INTO time VALUES (183,'2016-06-22 01:55:16',2016,6,22,1,55,16,4);
INSERT INTO time VALUES (184,'2013-02-22 06:40:05',2013,2,22,6,40,5,6);
INSERT INTO time VALUES (185,'2015-12-25 11:00:36',2015,12,25,11,0,36,6);
INSERT INTO time VALUES (186,'2016-06-23 17:34:01',2016,6,23,17,34,1,5);
INSERT INTO time VALUES (187,'2015-12-10 05:59:04',2015,12,10,5,59,4,5);
INSERT INTO time VALUES (188,'2014-01-31 19:48:30',2014,1,31,19,48,30,6);
INSERT INTO time VALUES (189,'2012-12-04 21:37:12',2012,12,4,21,37,12,3);
INSERT INTO time VALUES (190,'2016-09-11 00:56:21',2016,9,11,0,56,21,1);
INSERT INTO time VALUES (191,'2016-02-21 06:47:39',2016,2,21,6,47,39,1);
INSERT INTO time VALUES (192,'2014-10-17 23:45:52',2014,10,17,23,45,52,6);
INSERT INTO time VALUES (193,'2013-08-02 19:20:48',2013,8,2,19,20,48,6);
INSERT INTO time VALUES (194,'2016-09-15 17:19:18',2016,9,15,17,19,18,5);
INSERT INTO time VALUES (195,'2014-11-10 17:26:04',2014,11,10,17,26,4,2);
INSERT INTO time VALUES (196,'2017-05-12 06:41:30',2017,5,12,6,41,30,6);
INSERT INTO time VALUES (197,'2012-10-09 08:32:36',2012,10,9,8,32,36,3);
INSERT INTO time VALUES (198,'2015-03-05 06:13:11',2015,3,5,6,13,11,5);
INSERT INTO time VALUES (199,'2014-04-08 22:25:40',2014,4,8,22,25,40,3);
INSERT INTO time VALUES (200,'2014-12-17 00:40:02',2014,12,17,0,40,2,4);
INSERT INTO time VALUES (201,'2014-05-12 04:56:53',2014,5,12,4,56,53,2);
INSERT INTO time VALUES (202,'2012-06-17 13:28:43',2012,6,17,13,28,43,1);
INSERT INTO time VALUES (203,'2014-05-13 08:08:56',2014,5,13,8,8,56,3);
INSERT INTO time VALUES (204,'2014-08-11 16:02:23',2014,8,11,16,2,23,2);
INSERT INTO time VALUES (205,'2014-04-10 23:07:32',2014,4,10,23,7,32,5);
INSERT INTO time VALUES (206,'2017-03-26 01:01:39',2017,3,26,1,1,39,1);
INSERT INTO time VALUES (207,'2017-09-13 16:02:59',2017,9,13,16,2,59,4);
INSERT INTO time VALUES (208,'2015-06-05 14:20:45',2015,6,5,14,20,45,6);
INSERT INTO time VALUES (209,'2013-12-22 01:20:37',2013,12,22,1,20,37,1);
INSERT INTO time VALUES (210,'2012-05-06 22:36:33',2012,5,6,22,36,33,1);
INSERT INTO time VALUES (211,'2014-01-07 17:58:35',2014,1,7,17,58,35,3);
INSERT INTO time VALUES (212,'2014-03-11 18:03:58',2014,3,11,18,3,58,3);
INSERT INTO time VALUES (213,'2017-05-08 15:14:15',2017,5,8,15,14,15,2);
INSERT INTO time VALUES (214,'2012-07-17 01:48:49',2012,7,17,1,48,49,3);
INSERT INTO time VALUES (215,'2014-06-10 22:25:43',2014,6,10,22,25,43,3);
INSERT INTO time VALUES (216,'2012-11-04 22:08:32',2012,11,4,22,8,32,1);
INSERT INTO time VALUES (217,'2014-06-27 03:16:10',2014,6,27,3,16,10,6);
INSERT INTO time VALUES (218,'2015-01-28 14:32:44',2015,1,28,14,32,44,4);
INSERT INTO time VALUES (219,'2014-12-30 11:36:42',2014,12,30,11,36,42,3);
INSERT INTO time VALUES (220,'2017-06-10 06:54:34',2017,6,10,6,54,34,7);
INSERT INTO time VALUES (221,'2015-10-30 14:26:12',2015,10,30,14,26,12,6);
INSERT INTO time VALUES (222,'2014-09-13 18:00:02',2014,9,13,18,0,2,7);
INSERT INTO time VALUES (223,'2014-10-28 20:17:30',2014,10,28,20,17,30,3);
INSERT INTO time VALUES (224,'2015-10-24 04:30:35',2015,10,24,4,30,35,7);
INSERT INTO time VALUES (225,'2014-08-26 22:35:15',2014,8,26,22,35,15,3);
INSERT INTO time VALUES (226,'2013-11-08 08:17:51',2013,11,8,8,17,51,6);
INSERT INTO time VALUES (227,'2016-09-04 03:59:52',2016,9,4,3,59,52,1);
INSERT INTO time VALUES (228,'2016-02-29 20:14:27',2016,2,29,20,14,27,2);
INSERT INTO time VALUES (229,'2012-09-13 12:47:21',2012,9,13,12,47,21,5);
INSERT INTO time VALUES (230,'2018-01-18 14:14:04',2018,1,18,14,14,4,5);
INSERT INTO time VALUES (231,'2018-03-16 23:31:27',2018,3,16,23,31,27,6);
INSERT INTO time VALUES (232,'2014-05-22 15:07:56',2014,5,22,15,7,56,5);
INSERT INTO time VALUES (233,'2014-10-06 19:31:49',2014,10,6,19,31,49,2);
INSERT INTO time VALUES (234,'2014-06-08 22:18:15',2014,6,8,22,18,15,1);
INSERT INTO time VALUES (235,'2015-03-14 16:14:05',2015,3,14,16,14,5,7);
INSERT INTO time VALUES (236,'2016-07-25 17:13:33',2016,7,25,17,13,33,2);
INSERT INTO time VALUES (237,'2014-04-22 07:26:31',2014,4,22,7,26,31,3);
INSERT INTO time VALUES (238,'2016-04-04 13:58:53',2016,4,4,13,58,53,2);
INSERT INTO time VALUES (239,'2013-07-12 13:05:14',2013,7,12,13,5,14,6);
INSERT INTO time VALUES (240,'2014-11-13 06:14:30',2014,11,13,6,14,30,5);
INSERT INTO time VALUES (241,'2014-08-13 21:26:24',2014,8,13,21,26,24,4);
INSERT INTO time VALUES (242,'2015-08-16 17:34:13',2015,8,16,17,34,13,1);
INSERT INTO time VALUES (243,'2016-11-21 20:02:58',2016,11,21,20,2,58,2);
INSERT INTO time VALUES (244,'2015-09-07 09:25:54',2015,9,7,9,25,54,2);
INSERT INTO time VALUES (245,'2012-04-14 17:01:56',2012,4,14,17,1,56,7);
INSERT INTO time VALUES (246,'2014-10-03 20:47:16',2014,10,3,20,47,16,6);
INSERT INTO time VALUES (247,'2015-12-10 08:59:28',2015,12,10,8,59,28,5);
INSERT INTO time VALUES (248,'2013-05-31 05:06:28',2013,5,31,5,6,28,6);
INSERT INTO time VALUES (249,'2017-08-02 03:09:22',2017,8,2,3,9,22,4);
INSERT INTO time VALUES (250,'2013-08-11 10:38:31',2013,8,11,10,38,31,1);
INSERT INTO time VALUES (251,'2013-03-15 13:29:52',2013,3,15,13,29,52,6);
INSERT INTO time VALUES (252,'2014-08-29 17:13:38',2014,8,29,17,13,38,6);
INSERT INTO time VALUES (253,'2017-12-11 05:05:50',2017,12,11,5,5,50,2);
INSERT INTO time VALUES (254,'2016-04-20 16:56:43',2016,4,20,16,56,43,4);
INSERT INTO time VALUES (255,'2012-07-17 14:24:34',2012,7,17,14,24,34,3);
INSERT INTO time VALUES (256,'2014-11-27 15:14:14',2014,11,27,15,14,14,5);
INSERT INTO time VALUES (257,'2013-02-08 06:07:33',2013,2,8,6,7,33,6);
INSERT INTO time VALUES (258,'2013-02-01 14:37:55',2013,2,1,14,37,55,6);
INSERT INTO time VALUES (259,'2015-04-19 03:29:27',2015,4,19,3,29,27,1);
INSERT INTO time VALUES (260,'2016-09-09 05:33:28',2016,9,9,5,33,28,6);
INSERT INTO time VALUES (261,'2015-07-08 11:07:35',2015,7,8,11,7,35,4);
INSERT INTO time VALUES (262,'2016-11-04 15:29:05',2016,11,4,15,29,5,6);
INSERT INTO time VALUES (263,'2018-02-10 17:09:43',2018,2,10,17,9,43,7);
INSERT INTO time VALUES (264,'2014-08-28 02:36:35',2014,8,28,2,36,35,5);
INSERT INTO time VALUES (265,'2015-11-20 04:06:09',2015,11,20,4,6,9,6);
INSERT INTO time VALUES (266,'2016-05-04 16:45:32',2016,5,4,16,45,32,4);
INSERT INTO time VALUES (267,'2014-04-15 14:44:28',2014,4,15,14,44,28,3);
INSERT INTO time VALUES (268,'2017-01-27 17:24:57',2017,1,27,17,24,57,6);
INSERT INTO time VALUES (269,'2017-07-05 05:02:06',2017,7,5,5,2,6,4);
INSERT INTO time VALUES (270,'2014-08-17 04:34:27',2014,8,17,4,34,27,1);
INSERT INTO time VALUES (271,'2015-09-17 02:54:18',2015,9,17,2,54,18,5);
INSERT INTO time VALUES (272,'2014-06-16 07:00:36',2014,6,16,7,0,36,2);
INSERT INTO time VALUES (273,'2014-10-13 13:38:33',2014,10,13,13,38,33,2);
INSERT INTO time VALUES (274,'2017-09-13 23:47:08',2017,9,13,23,47,8,4);
INSERT INTO time VALUES (275,'2017-01-26 07:18:32',2017,1,26,7,18,32,5);
INSERT INTO time VALUES (276,'2015-09-29 02:33:43',2015,9,29,2,33,43,3);
INSERT INTO time VALUES (277,'2013-06-14 08:03:41',2013,6,14,8,3,41,6);
INSERT INTO time VALUES (278,'2015-07-27 02:34:56',2015,7,27,2,34,56,2);
INSERT INTO time VALUES (279,'2015-04-23 12:32:19',2015,4,23,12,32,19,5);
INSERT INTO time VALUES (280,'2017-10-04 19:35:46',2017,10,4,19,35,46,4);
INSERT INTO time VALUES (281,'2013-02-09 11:07:07',2013,2,9,11,7,7,7);
INSERT INTO time VALUES (282,'2015-08-22 18:57:04',2015,8,22,18,57,4,7);
INSERT INTO time VALUES (283,'2014-11-10 12:31:15',2014,11,10,12,31,15,2);
INSERT INTO time VALUES (284,'2013-03-16 00:40:31',2013,3,16,0,40,31,7);
INSERT INTO time VALUES (285,'2012-12-17 00:47:50',2012,12,17,0,47,50,2);
INSERT INTO time VALUES (286,'2017-11-12 21:38:53',2017,11,12,21,38,53,1);
INSERT INTO time VALUES (287,'2014-02-14 21:42:57',2014,2,14,21,42,57,6);
INSERT INTO time VALUES (288,'2013-03-10 19:20:34',2013,3,10,19,20,34,1);
INSERT INTO time VALUES (289,'2016-02-24 07:23:55',2016,2,24,7,23,55,4);
INSERT INTO time VALUES (290,'2018-04-03 22:59:01',2018,4,3,22,59,1,3);
INSERT INTO time VALUES (291,'2015-06-11 20:56:47',2015,6,11,20,56,47,5);
INSERT INTO time VALUES (292,'2017-11-22 06:40:27',2017,11,22,6,40,27,4);
INSERT INTO time VALUES (293,'2016-01-28 04:54:15',2016,1,28,4,54,15,5);
INSERT INTO time VALUES (294,'2017-12-31 17:30:47',2017,12,31,17,30,47,1);
INSERT INTO time VALUES (295,'2015-12-04 14:33:08',2015,12,4,14,33,8,6);
INSERT INTO time VALUES (296,'2014-02-27 14:58:09',2014,2,27,14,58,9,5);
INSERT INTO time VALUES (297,'2014-09-08 17:16:47',2014,9,8,17,16,47,2);
INSERT INTO time VALUES (298,'2017-03-04 22:32:44',2017,3,4,22,32,44,7);
INSERT INTO time VALUES (299,'2016-01-31 06:42:58',2016,1,31,6,42,58,1);
INSERT INTO time VALUES (300,'2014-06-21 16:02:21',2014,6,21,16,2,21,7);
INSERT INTO time VALUES (301,'2013-04-08 18:26:38',2013,4,8,18,26,38,2);
INSERT INTO time VALUES (302,'2017-04-01 12:53:31',2017,4,1,12,53,31,7);
INSERT INTO time VALUES (303,'2012-04-16 22:05:22',2012,4,16,22,5,22,2);
INSERT INTO time VALUES (304,'2016-01-14 21:50:19',2016,1,14,21,50,19,5);
INSERT INTO time VALUES (305,'2016-08-18 17:55:48',2016,8,18,17,55,48,5);
INSERT INTO time VALUES (306,'2017-07-23 05:55:25',2017,7,23,5,55,25,1);
INSERT INTO time VALUES (307,'2018-01-16 01:40:57',2018,1,16,1,40,57,3);
INSERT INTO time VALUES (308,'2017-11-30 13:35:10',2017,11,30,13,35,10,5);
INSERT INTO time VALUES (309,'2013-10-05 10:38:48',2013,10,5,10,38,48,7);
INSERT INTO time VALUES (310,'2013-03-31 19:05:03',2013,3,31,19,5,3,1);
INSERT INTO time VALUES (311,'2013-02-19 03:47:23',2013,2,19,3,47,23,3);
INSERT INTO time VALUES (312,'2012-05-30 20:08:44',2012,5,30,20,8,44,4);
INSERT INTO time VALUES (313,'2013-12-18 12:59:51',2013,12,18,12,59,51,4);
INSERT INTO time VALUES (314,'2015-10-27 19:24:34',2015,10,27,19,24,34,3);
INSERT INTO time VALUES (315,'2015-05-04 11:01:45',2015,5,4,11,1,45,2);
INSERT INTO time VALUES (316,'2014-12-05 16:34:19',2014,12,5,16,34,19,6);
INSERT INTO time VALUES (317,'2017-01-14 23:37:45',2017,1,14,23,37,45,7);
INSERT INTO time VALUES (318,'2017-10-31 15:07:20',2017,10,31,15,7,20,3);
INSERT INTO time VALUES (319,'2014-07-01 12:55:05',2014,7,1,12,55,5,3);
INSERT INTO time VALUES (320,'2017-08-25 03:41:25',2017,8,25,3,41,25,6);
INSERT INTO time VALUES (321,'2014-07-14 01:41:46',2014,7,14,1,41,46,2);
INSERT INTO time VALUES (322,'2016-02-03 07:43:57',2016,2,3,7,43,57,4);
INSERT INTO time VALUES (323,'2014-01-15 19:49:37',2014,1,15,19,49,37,4);
INSERT INTO time VALUES (324,'2017-05-02 23:41:51',2017,5,2,23,41,51,3);
INSERT INTO time VALUES (325,'2013-08-04 13:56:41',2013,8,4,13,56,41,1);
INSERT INTO time VALUES (326,'2018-02-17 19:49:04',2018,2,17,19,49,4,7);
INSERT INTO time VALUES (327,'2012-10-16 08:18:16',2012,10,16,8,18,16,3);
INSERT INTO time VALUES (328,'2012-06-24 00:04:14',2012,6,24,0,4,14,1);
INSERT INTO time VALUES (329,'2016-07-07 14:21:19',2016,7,7,14,21,19,5);
INSERT INTO time VALUES (330,'2016-10-09 20:17:46',2016,10,9,20,17,46,1);
INSERT INTO time VALUES (331,'2014-06-07 07:05:13',2014,6,7,7,5,13,7);
INSERT INTO time VALUES (332,'2014-09-24 03:18:41',2014,9,24,3,18,41,4);
INSERT INTO time VALUES (333,'2015-10-16 14:11:31',2015,10,16,14,11,31,6);
INSERT INTO time VALUES (334,'2012-05-12 10:31:10',2012,5,12,10,31,10,7);
INSERT INTO time VALUES (335,'2018-02-16 19:35:49',2018,2,16,19,35,49,6);
INSERT INTO time VALUES (336,'2014-07-23 03:04:54',2014,7,23,3,4,54,4);
INSERT INTO time VALUES (337,'2015-09-04 19:46:07',2015,9,4,19,46,7,6);
INSERT INTO time VALUES (338,'2012-05-28 04:52:07',2012,5,28,4,52,7,2);
INSERT INTO time VALUES (339,'2017-10-26 02:12:04',2017,10,26,2,12,4,5);
INSERT INTO time VALUES (340,'2017-10-01 06:35:27',2017,10,1,6,35,27,1);
INSERT INTO time VALUES (341,'2012-12-04 08:55:20',2012,12,4,8,55,20,3);
INSERT INTO time VALUES (342,'2014-08-20 14:38:34',2014,8,20,14,38,34,4);
INSERT INTO time VALUES (343,'2015-10-22 03:31:26',2015,10,22,3,31,26,5);
INSERT INTO time VALUES (344,'2015-07-10 17:46:42',2015,7,10,17,46,42,6);
INSERT INTO time VALUES (345,'2018-03-31 23:41:42',2018,3,31,23,41,42,7);
INSERT INTO time VALUES (346,'2017-06-18 05:46:07',2017,6,18,5,46,7,1);
INSERT INTO time VALUES (347,'2012-05-29 12:32:31',2012,5,29,12,32,31,3);
INSERT INTO time VALUES (348,'2015-09-19 02:50:47',2015,9,19,2,50,47,7);
INSERT INTO time VALUES (349,'2013-06-09 04:00:59',2013,6,9,4,0,59,1);
INSERT INTO time VALUES (350,'2013-02-18 00:44:44',2013,2,18,0,44,44,2);
INSERT INTO time VALUES (351,'2016-02-03 08:47:08',2016,2,3,8,47,8,4);
INSERT INTO time VALUES (352,'2016-10-08 11:18:12',2016,10,8,11,18,12,7);
INSERT INTO time VALUES (353,'2015-10-10 01:41:46',2015,10,10,1,41,46,7);
INSERT INTO time VALUES (354,'2017-05-11 14:32:42',2017,5,11,14,32,42,5);
INSERT INTO time VALUES (355,'2015-05-04 19:20:38',2015,5,4,19,20,38,2);
INSERT INTO time VALUES (356,'2015-05-18 13:11:42',2015,5,18,13,11,42,2);
INSERT INTO time VALUES (357,'2016-04-13 13:57:07',2016,4,13,13,57,7,4);
INSERT INTO time VALUES (358,'2013-03-07 22:39:40',2013,3,7,22,39,40,5);
INSERT INTO time VALUES (359,'2012-04-25 16:24:10',2012,4,25,16,24,10,4);
INSERT INTO time VALUES (360,'2014-07-24 09:14:24',2014,7,24,9,14,24,5);
INSERT INTO time VALUES (361,'2014-03-16 10:00:55',2014,3,16,10,0,55,1);
INSERT INTO time VALUES (362,'2017-05-11 02:23:16',2017,5,11,2,23,16,5);
INSERT INTO time VALUES (363,'2016-11-09 08:44:34',2016,11,9,8,44,34,4);
INSERT INTO time VALUES (364,'2016-05-23 23:53:54',2016,5,23,23,53,54,2);
INSERT INTO time VALUES (365,'2017-10-22 19:12:28',2017,10,22,19,12,28,1);
INSERT INTO time VALUES (366,'2013-03-26 15:00:08',2013,3,26,15,0,8,3);
INSERT INTO time VALUES (367,'2014-02-03 06:31:57',2014,2,3,6,31,57,2);
INSERT INTO time VALUES (368,'2015-11-12 08:27:05',2015,11,12,8,27,5,5);
INSERT INTO time VALUES (369,'2016-06-24 23:22:58',2016,6,24,23,22,58,6);
INSERT INTO time VALUES (370,'2014-01-31 09:18:57',2014,1,31,9,18,57,6);
INSERT INTO time VALUES (371,'2015-05-09 16:10:03',2015,5,9,16,10,3,7);
INSERT INTO time VALUES (372,'2016-01-27 20:05:58',2016,1,27,20,5,58,4);
INSERT INTO time VALUES (373,'2016-02-10 15:37:06',2016,2,10,15,37,6,4);
INSERT INTO time VALUES (374,'2013-04-21 04:01:18',2013,4,21,4,1,18,1);
INSERT INTO time VALUES (375,'2015-04-28 09:59:29',2015,4,28,9,59,29,3);
INSERT INTO time VALUES (376,'2014-01-18 14:26:22',2014,1,18,14,26,22,7);
INSERT INTO time VALUES (377,'2016-12-07 20:37:16',2016,12,7,20,37,16,4);
INSERT INTO time VALUES (378,'2015-12-27 08:16:02',2015,12,27,8,16,2,1);
INSERT INTO time VALUES (379,'2013-01-30 05:07:13',2013,1,30,5,7,13,4);
INSERT INTO time VALUES (380,'2014-02-14 13:22:03',2014,2,14,13,22,3,6);
INSERT INTO time VALUES (381,'2014-04-29 11:26:44',2014,4,29,11,26,44,3);
INSERT INTO time VALUES (382,'2015-02-23 01:34:32',2015,2,23,1,34,32,2);
INSERT INTO time VALUES (383,'2017-06-21 12:21:53',2017,6,21,12,21,53,4);
INSERT INTO time VALUES (384,'2016-06-04 21:56:05',2016,6,4,21,56,5,7);
INSERT INTO time VALUES (385,'2016-04-30 02:58:07',2016,4,30,2,58,7,7);
INSERT INTO time VALUES (386,'2017-11-13 04:11:52',2017,11,13,4,11,52,2);
INSERT INTO time VALUES (387,'2017-11-22 00:59:28',2017,11,22,0,59,28,4);
INSERT INTO time VALUES (388,'2013-09-22 23:08:47',2013,9,22,23,8,47,1);
INSERT INTO time VALUES (389,'2014-02-08 22:13:40',2014,2,8,22,13,40,7);
INSERT INTO time VALUES (390,'2013-01-06 12:51:31',2013,1,6,12,51,31,1);
INSERT INTO time VALUES (391,'2012-12-18 16:49:48',2012,12,18,16,49,48,3);
INSERT INTO time VALUES (392,'2015-12-03 16:21:23',2015,12,3,16,21,23,5);
INSERT INTO time VALUES (393,'2014-09-13 01:01:21',2014,9,13,1,1,21,7);
INSERT INTO time VALUES (394,'2017-03-03 14:15:27',2017,3,3,14,15,27,6);
INSERT INTO time VALUES (395,'2014-03-13 13:30:00',2014,3,13,13,30,0,5);
INSERT INTO time VALUES (396,'2015-05-16 21:05:54',2015,5,16,21,5,54,7);
INSERT INTO time VALUES (397,'2014-03-26 20:30:08',2014,3,26,20,30,8,4);
INSERT INTO time VALUES (398,'2017-03-15 12:35:43',2017,3,15,12,35,43,4);
INSERT INTO time VALUES (399,'2013-09-28 08:14:11',2013,9,28,8,14,11,7);
INSERT INTO time VALUES (400,'2016-08-28 15:22:47',2016,8,28,15,22,47,1);
INSERT INTO time VALUES (401,'2012-12-01 22:53:27',2012,12,1,22,53,27,7);
INSERT INTO time VALUES (402,'2012-04-13 00:29:16',2012,4,13,0,29,16,6);
INSERT INTO time VALUES (403,'2014-07-18 23:18:55',2014,7,18,23,18,55,6);
INSERT INTO time VALUES (404,'2014-02-12 18:22:59',2014,2,12,18,22,59,4);
INSERT INTO time VALUES (405,'2016-10-02 09:13:15',2016,10,2,9,13,15,1);
INSERT INTO time VALUES (406,'2012-10-05 00:33:12',2012,10,5,0,33,12,6);
INSERT INTO time VALUES (407,'2012-04-23 01:36:32',2012,4,23,1,36,32,2);
INSERT INTO time VALUES (408,'2014-01-09 10:04:00',2014,1,9,10,4,0,5);
INSERT INTO time VALUES (409,'2018-03-16 21:30:50',2018,3,16,21,30,50,6);
INSERT INTO time VALUES (410,'2014-12-08 23:26:50',2014,12,8,23,26,50,2);
INSERT INTO time VALUES (411,'2017-01-17 22:09:12',2017,1,17,22,9,12,3);
INSERT INTO time VALUES (412,'2013-09-07 02:50:37',2013,9,7,2,50,37,7);
INSERT INTO time VALUES (413,'2016-05-01 02:23:56',2016,5,1,2,23,56,1);
INSERT INTO time VALUES (414,'2013-01-17 00:38:13',2013,1,17,0,38,13,5);
INSERT INTO time VALUES (415,'2013-01-17 17:45:25',2013,1,17,17,45,25,5);
INSERT INTO time VALUES (416,'2016-12-13 08:50:54',2016,12,13,8,50,54,3);
INSERT INTO time VALUES (417,'2017-10-03 11:28:24',2017,10,3,11,28,24,3);
INSERT INTO time VALUES (418,'2018-02-21 10:02:19',2018,2,21,10,2,19,4);
INSERT INTO time VALUES (419,'2014-09-15 04:50:37',2014,9,15,4,50,37,2);
INSERT INTO time VALUES (420,'2016-07-16 07:54:18',2016,7,16,7,54,18,7);
INSERT INTO time VALUES (421,'2015-09-16 05:10:08',2015,9,16,5,10,8,4);
INSERT INTO time VALUES (422,'2016-08-08 13:19:12',2016,8,8,13,19,12,2);
INSERT INTO time VALUES (423,'2013-07-01 12:33:00',2013,7,1,12,33,0,2);
INSERT INTO time VALUES (424,'2017-04-24 20:46:30',2017,4,24,20,46,30,2);
INSERT INTO time VALUES (425,'2013-12-30 06:34:27',2013,12,30,6,34,27,2);
INSERT INTO time VALUES (426,'2016-09-04 08:28:16',2016,9,4,8,28,16,1);
INSERT INTO time VALUES (427,'2013-05-18 20:14:09',2013,5,18,20,14,9,7);
INSERT INTO time VALUES (428,'2017-02-02 16:18:08',2017,2,2,16,18,8,5);
INSERT INTO time VALUES (429,'2012-05-20 17:25:41',2012,5,20,17,25,41,1);
INSERT INTO time VALUES (430,'2012-08-01 05:16:01',2012,8,1,5,16,1,4);
INSERT INTO time VALUES (431,'2014-11-22 10:19:41',2014,11,22,10,19,41,7);
INSERT INTO time VALUES (432,'2014-08-18 16:59:15',2014,8,18,16,59,15,2);
INSERT INTO time VALUES (433,'2017-01-14 19:52:06',2017,1,14,19,52,6,7);
INSERT INTO time VALUES (434,'2015-05-30 19:43:50',2015,5,30,19,43,50,7);
INSERT INTO time VALUES (435,'2014-05-13 14:59:54',2014,5,13,14,59,54,3);
INSERT INTO time VALUES (436,'2012-06-14 09:34:24',2012,6,14,9,34,24,5);
INSERT INTO time VALUES (437,'2014-07-15 06:20:02',2014,7,15,6,20,2,3);
INSERT INTO time VALUES (438,'2017-03-17 12:15:40',2017,3,17,12,15,40,6);
INSERT INTO time VALUES (439,'2016-11-19 16:33:40',2016,11,19,16,33,40,7);
INSERT INTO time VALUES (440,'2015-09-26 21:56:17',2015,9,26,21,56,17,7);
INSERT INTO time VALUES (441,'2014-11-26 11:32:39',2014,11,26,11,32,39,4);
INSERT INTO time VALUES (442,'2016-12-17 16:41:49',2016,12,17,16,41,49,7);
INSERT INTO time VALUES (443,'2012-07-05 00:36:07',2012,7,5,0,36,7,5);
INSERT INTO time VALUES (444,'2016-12-22 13:37:36',2016,12,22,13,37,36,5);
INSERT INTO time VALUES (445,'2013-05-16 12:57:32',2013,5,16,12,57,32,5);
INSERT INTO time VALUES (446,'2016-07-01 00:00:53',2016,7,1,0,0,53,6);
INSERT INTO time VALUES (447,'2013-11-06 20:45:34',2013,11,6,20,45,34,4);
INSERT INTO time VALUES (448,'2013-05-28 17:39:13',2013,5,28,17,39,13,3);
INSERT INTO time VALUES (449,'2013-07-30 12:05:06',2013,7,30,12,5,6,3);
INSERT INTO time VALUES (450,'2015-05-07 05:24:11',2015,5,7,5,24,11,5);
INSERT INTO time VALUES (451,'2015-06-13 14:49:15',2015,6,13,14,49,15,7);
INSERT INTO time VALUES (452,'2013-01-30 15:24:31',2013,1,30,15,24,31,4);
INSERT INTO time VALUES (453,'2017-04-30 02:09:43',2017,4,30,2,9,43,1);
INSERT INTO time VALUES (454,'2013-12-01 22:04:08',2013,12,1,22,4,8,1);
INSERT INTO time VALUES (455,'2017-07-13 15:14:06',2017,7,13,15,14,6,5);
INSERT INTO time VALUES (456,'2015-04-19 04:30:54',2015,4,19,4,30,54,1);
INSERT INTO time VALUES (457,'2017-08-30 12:36:14',2017,8,30,12,36,14,4);
INSERT INTO time VALUES (458,'2012-06-19 12:08:34',2012,6,19,12,8,34,3);
INSERT INTO time VALUES (459,'2015-03-10 03:47:17',2015,3,10,3,47,17,3);
INSERT INTO time VALUES (460,'2013-01-11 00:24:40',2013,1,11,0,24,40,6);
INSERT INTO time VALUES (461,'2012-12-13 20:41:31',2012,12,13,20,41,31,5);
INSERT INTO time VALUES (462,'2015-10-22 16:09:55',2015,10,22,16,9,55,5);
INSERT INTO time VALUES (463,'2013-10-18 05:28:51',2013,10,18,5,28,51,6);
INSERT INTO time VALUES (464,'2015-03-02 00:33:14',2015,3,2,0,33,14,2);
INSERT INTO time VALUES (465,'2013-06-24 01:40:17',2013,6,24,1,40,17,2);
INSERT INTO time VALUES (466,'2016-05-23 21:27:38',2016,5,23,21,27,38,2);
INSERT INTO time VALUES (467,'2017-11-08 01:03:15',2017,11,8,1,3,15,4);
INSERT INTO time VALUES (468,'2015-09-28 14:05:26',2015,9,28,14,5,26,2);
INSERT INTO time VALUES (469,'2016-03-31 04:56:14',2016,3,31,4,56,14,5);
INSERT INTO time VALUES (470,'2018-03-14 11:51:21',2018,3,14,11,51,21,4);
INSERT INTO time VALUES (471,'2013-06-22 03:03:52',2013,6,22,3,3,52,7);
INSERT INTO time VALUES (472,'2015-01-15 21:50:22',2015,1,15,21,50,22,5);
INSERT INTO time VALUES (473,'2013-10-26 08:39:16',2013,10,26,8,39,16,7);
INSERT INTO time VALUES (474,'2017-03-06 09:18:33',2017,3,6,9,18,33,2);
INSERT INTO time VALUES (475,'2017-05-03 11:27:58',2017,5,3,11,27,58,4);
INSERT INTO time VALUES (476,'2014-11-23 12:12:33',2014,11,23,12,12,33,1);
INSERT INTO time VALUES (477,'2013-08-16 15:07:21',2013,8,16,15,7,21,6);
INSERT INTO time VALUES (478,'2013-07-31 11:40:27',2013,7,31,11,40,27,4);
INSERT INTO time VALUES (479,'2014-07-02 21:33:28',2014,7,2,21,33,28,4);
INSERT INTO time VALUES (480,'2017-11-19 20:58:24',2017,11,19,20,58,24,1);
INSERT INTO time VALUES (481,'2015-04-19 01:51:52',2015,4,19,1,51,52,1);
INSERT INTO time VALUES (482,'2013-08-23 00:25:11',2013,8,23,0,25,11,6);
INSERT INTO time VALUES (483,'2012-12-01 23:08:12',2012,12,1,23,8,12,7);
INSERT INTO time VALUES (484,'2012-11-07 16:32:04',2012,11,7,16,32,4,4);
INSERT INTO time VALUES (485,'2012-04-22 12:39:30',2012,4,22,12,39,30,1);
INSERT INTO time VALUES (486,'2015-11-04 20:50:54',2015,11,4,20,50,54,4);
INSERT INTO time VALUES (487,'2014-10-05 07:02:11',2014,10,5,7,2,11,1);
INSERT INTO time VALUES (488,'2012-10-05 18:07:14',2012,10,5,18,7,14,6);
INSERT INTO time VALUES (489,'2014-05-19 06:53:57',2014,5,19,6,53,57,2);
INSERT INTO time VALUES (490,'2013-05-08 07:38:07',2013,5,8,7,38,7,4);
INSERT INTO time VALUES (491,'2014-08-31 22:33:44',2014,8,31,22,33,44,1);
INSERT INTO time VALUES (492,'2013-12-16 13:19:20',2013,12,16,13,19,20,2);
INSERT INTO time VALUES (493,'2014-01-19 18:02:11',2014,1,19,18,2,11,1);
INSERT INTO time VALUES (494,'2014-04-06 03:15:17',2014,4,6,3,15,17,1);
INSERT INTO time VALUES (495,'2017-07-17 15:13:04',2017,7,17,15,13,4,2);
INSERT INTO time VALUES (496,'2012-09-17 20:55:05',2012,9,17,20,55,5,2);
INSERT INTO time VALUES (497,'2017-01-10 05:03:17',2017,1,10,5,3,17,3);
INSERT INTO time VALUES (498,'2017-03-13 10:40:49',2017,3,13,10,40,49,2);
INSERT INTO time VALUES (499,'2015-09-07 10:07:21',2015,9,7,10,7,21,2);
INSERT INTO time VALUES (500,'2017-03-12 07:59:14',2017,3,12,7,59,14,1);
INSERT INTO time VALUES (501,'2015-12-30 16:22:18',2015,12,30,16,22,18,4);
INSERT INTO time VALUES (502,'2017-03-17 22:28:23',2017,3,17,22,28,23,6);
INSERT INTO time VALUES (503,'2013-10-30 14:08:21',2013,10,30,14,8,21,4);
INSERT INTO time VALUES (504,'2017-11-09 04:14:26',2017,11,9,4,14,26,5);
INSERT INTO time VALUES (505,'2013-01-16 09:54:13',2013,1,16,9,54,13,4);
INSERT INTO time VALUES (506,'2013-04-22 02:39:01',2013,4,22,2,39,1,2);
INSERT INTO time VALUES (507,'2012-05-06 12:20:00',2012,5,6,12,20,0,1);
INSERT INTO time VALUES (508,'2017-12-14 05:07:16',2017,12,14,5,7,16,5);
INSERT INTO time VALUES (509,'2017-01-20 12:58:43',2017,1,20,12,58,43,6);
INSERT INTO time VALUES (510,'2015-09-21 16:32:12',2015,9,21,16,32,12,2);
INSERT INTO time VALUES (511,'2015-12-20 10:54:31',2015,12,20,10,54,31,1);
INSERT INTO time VALUES (512,'2012-07-07 11:49:30',2012,7,7,11,49,30,7);
INSERT INTO time VALUES (513,'2015-01-21 04:07:52',2015,1,21,4,7,52,4);
INSERT INTO time VALUES (514,'2017-03-20 03:00:18',2017,3,20,3,0,18,2);
INSERT INTO time VALUES (515,'2015-07-02 04:46:44',2015,7,2,4,46,44,5);
INSERT INTO time VALUES (516,'2016-12-30 03:24:55',2016,12,30,3,24,55,6);
INSERT INTO time VALUES (517,'2015-02-28 12:13:27',2015,2,28,12,13,27,7);
INSERT INTO time VALUES (518,'2013-11-23 08:10:30',2013,11,23,8,10,30,7);
INSERT INTO time VALUES (519,'2016-01-12 11:11:59',2016,1,12,11,11,59,3);
INSERT INTO time VALUES (520,'2013-04-28 16:36:28',2013,4,28,16,36,28,1);
INSERT INTO time VALUES (521,'2016-10-01 09:55:20',2016,10,1,9,55,20,7);
INSERT INTO time VALUES (522,'2017-08-06 20:37:21',2017,8,6,20,37,21,1);
INSERT INTO time VALUES (523,'2017-05-28 10:22:17',2017,5,28,10,22,17,1);
INSERT INTO time VALUES (524,'2014-08-17 16:48:33',2014,8,17,16,48,33,1);
INSERT INTO time VALUES (525,'2014-01-20 17:25:05',2014,1,20,17,25,5,2);
INSERT INTO time VALUES (526,'2016-06-13 02:53:28',2016,6,13,2,53,28,2);
INSERT INTO time VALUES (527,'2013-10-29 17:06:41',2013,10,29,17,6,41,3);
INSERT INTO time VALUES (528,'2012-05-03 00:52:47',2012,5,3,0,52,47,5);
INSERT INTO time VALUES (529,'2015-08-12 02:58:16',2015,8,12,2,58,16,4);
INSERT INTO time VALUES (530,'2015-05-20 04:02:07',2015,5,20,4,2,7,4);
INSERT INTO time VALUES (531,'2015-05-30 18:32:05',2015,5,30,18,32,5,7);
INSERT INTO time VALUES (532,'2013-09-17 08:15:29',2013,9,17,8,15,29,3);
INSERT INTO time VALUES (533,'2017-11-26 01:35:42',2017,11,26,1,35,42,1);
INSERT INTO time VALUES (534,'2015-09-28 10:05:01',2015,9,28,10,5,1,2);
INSERT INTO time VALUES (535,'2014-06-08 07:29:06',2014,6,8,7,29,6,1);
INSERT INTO time VALUES (536,'2013-03-19 17:59:02',2013,3,19,17,59,2,3);
INSERT INTO time VALUES (537,'2015-10-17 09:15:41',2015,10,17,9,15,41,7);
INSERT INTO time VALUES (538,'2017-03-22 11:38:22',2017,3,22,11,38,22,4);
INSERT INTO time VALUES (539,'2014-12-04 21:33:13',2014,12,4,21,33,13,5);
INSERT INTO time VALUES (540,'2015-12-08 19:19:59',2015,12,8,19,19,59,3);
INSERT INTO time VALUES (541,'2015-08-11 10:40:23',2015,8,11,10,40,23,3);
INSERT INTO time VALUES (542,'2012-05-10 09:02:12',2012,5,10,9,2,12,5);
INSERT INTO time VALUES (543,'2017-10-20 21:24:27',2017,10,20,21,24,27,6);
INSERT INTO time VALUES (544,'2018-02-13 19:07:06',2018,2,13,19,7,6,3);
INSERT INTO time VALUES (545,'2012-10-30 02:46:01',2012,10,30,2,46,1,3);
INSERT INTO time VALUES (546,'2013-05-26 15:41:26',2013,5,26,15,41,26,1);
INSERT INTO time VALUES (547,'2012-07-04 06:57:19',2012,7,4,6,57,19,4);
INSERT INTO time VALUES (548,'2017-09-03 23:49:16',2017,9,3,23,49,16,1);
INSERT INTO time VALUES (549,'2016-04-27 03:03:39',2016,4,27,3,3,39,4);
INSERT INTO time VALUES (550,'2013-06-30 18:32:18',2013,6,30,18,32,18,1);
INSERT INTO time VALUES (551,'2016-09-12 21:13:28',2016,9,12,21,13,28,2);
INSERT INTO time VALUES (552,'2015-08-13 20:11:47',2015,8,13,20,11,47,5);
INSERT INTO time VALUES (553,'2017-05-02 15:30:44',2017,5,2,15,30,44,3);
INSERT INTO time VALUES (554,'2013-08-30 09:28:56',2013,8,30,9,28,56,6);
INSERT INTO time VALUES (555,'2014-03-18 23:49:55',2014,3,18,23,49,55,3);
INSERT INTO time VALUES (556,'2017-08-19 15:44:02',2017,8,19,15,44,2,7);
INSERT INTO time VALUES (557,'2016-04-25 01:30:13',2016,4,25,1,30,13,2);
INSERT INTO time VALUES (558,'2014-03-17 07:24:47',2014,3,17,7,24,47,2);
INSERT INTO time VALUES (559,'2013-04-06 07:57:20',2013,4,6,7,57,20,7);
INSERT INTO time VALUES (560,'2014-12-28 01:47:46',2014,12,28,1,47,46,1);
INSERT INTO time VALUES (561,'2014-09-12 10:20:38',2014,9,12,10,20,38,6);
INSERT INTO time VALUES (562,'2018-02-19 17:38:31',2018,2,19,17,38,31,2);
INSERT INTO time VALUES (563,'2013-08-02 09:46:27',2013,8,2,9,46,27,6);
INSERT INTO time VALUES (564,'2014-09-11 23:30:48',2014,9,11,23,30,48,5);
INSERT INTO time VALUES (565,'2013-01-16 09:17:43',2013,1,16,9,17,43,4);
INSERT INTO time VALUES (566,'2017-08-24 11:51:58',2017,8,24,11,51,58,5);
INSERT INTO time VALUES (567,'2015-07-09 05:29:41',2015,7,9,5,29,41,5);
INSERT INTO time VALUES (568,'2015-09-13 20:38:08',2015,9,13,20,38,8,1);
INSERT INTO time VALUES (569,'2015-03-05 17:55:26',2015,3,5,17,55,26,5);
INSERT INTO time VALUES (570,'2013-01-06 20:48:24',2013,1,6,20,48,24,1);
INSERT INTO time VALUES (571,'2013-06-13 00:30:22',2013,6,13,0,30,22,5);
INSERT INTO time VALUES (572,'2012-10-11 21:58:34',2012,10,11,21,58,34,5);
INSERT INTO time VALUES (573,'2015-02-28 06:13:01',2015,2,28,6,13,1,7);
INSERT INTO time VALUES (574,'2013-02-06 06:40:23',2013,2,6,6,40,23,4);
INSERT INTO time VALUES (575,'2018-01-20 07:43:22',2018,1,20,7,43,22,7);
INSERT INTO time VALUES (576,'2017-12-19 13:08:56',2017,12,19,13,8,56,3);
INSERT INTO time VALUES (577,'2013-10-26 05:35:46',2013,10,26,5,35,46,7);
INSERT INTO time VALUES (578,'2017-12-21 13:19:55',2017,12,21,13,19,55,5);
INSERT INTO time VALUES (579,'2014-12-01 17:27:11',2014,12,1,17,27,11,2);
INSERT INTO time VALUES (580,'2013-09-20 09:57:14',2013,9,20,9,57,14,6);
INSERT INTO time VALUES (581,'2013-03-30 08:55:46',2013,3,30,8,55,46,7);
INSERT INTO time VALUES (582,'2013-01-07 04:25:27',2013,1,7,4,25,27,2);
INSERT INTO time VALUES (583,'2017-06-11 16:43:51',2017,6,11,16,43,51,1);
INSERT INTO time VALUES (584,'2018-02-21 19:11:15',2018,2,21,19,11,15,4);
INSERT INTO time VALUES (585,'2016-08-09 19:51:20',2016,8,9,19,51,20,3);
INSERT INTO time VALUES (586,'2014-08-30 10:16:49',2014,8,30,10,16,49,7);
INSERT INTO time VALUES (587,'2012-11-05 09:05:53',2012,11,5,9,5,53,2);
INSERT INTO time VALUES (588,'2013-08-11 04:48:11',2013,8,11,4,48,11,1);
INSERT INTO time VALUES (589,'2017-12-21 11:57:38',2017,12,21,11,57,38,5);
INSERT INTO time VALUES (590,'2014-05-28 16:26:22',2014,5,28,16,26,22,4);
INSERT INTO time VALUES (591,'2014-01-28 07:39:21',2014,1,28,7,39,21,3);
INSERT INTO time VALUES (592,'2017-10-19 12:17:41',2017,10,19,12,17,41,5);
INSERT INTO time VALUES (593,'2016-02-27 23:31:08',2016,2,27,23,31,8,7);
INSERT INTO time VALUES (594,'2015-07-27 07:47:46',2015,7,27,7,47,46,2);
INSERT INTO time VALUES (595,'2013-08-19 22:35:23',2013,8,19,22,35,23,2);
INSERT INTO time VALUES (596,'2014-12-23 16:06:21',2014,12,23,16,6,21,3);
INSERT INTO time VALUES (597,'2015-04-11 23:53:42',2015,4,11,23,53,42,7);
INSERT INTO time VALUES (598,'2014-11-30 11:02:03',2014,11,30,11,2,3,1);
INSERT INTO time VALUES (599,'2013-10-19 19:00:16',2013,10,19,19,0,16,7);
INSERT INTO time VALUES (600,'2013-02-11 13:54:19',2013,2,11,13,54,19,2);
INSERT INTO time VALUES (601,'2012-07-09 15:12:20',2012,7,9,15,12,20,2);
INSERT INTO time VALUES (602,'2015-12-17 23:17:12',2015,12,17,23,17,12,5);
INSERT INTO time VALUES (603,'2016-12-29 00:03:45',2016,12,29,0,3,45,5);
INSERT INTO time VALUES (604,'2015-06-17 07:30:25',2015,6,17,7,30,25,4);
INSERT INTO time VALUES (605,'2014-02-04 06:54:23',2014,2,4,6,54,23,3);
INSERT INTO time VALUES (606,'2015-01-09 02:31:48',2015,1,9,2,31,48,6);
INSERT INTO time VALUES (607,'2017-01-22 06:26:03',2017,1,22,6,26,3,1);
INSERT INTO time VALUES (608,'2012-06-13 06:00:46',2012,6,13,6,0,46,4);
INSERT INTO time VALUES (609,'2016-02-07 10:36:38',2016,2,7,10,36,38,1);
INSERT INTO time VALUES (610,'2016-11-17 10:36:13',2016,11,17,10,36,13,5);
INSERT INTO time VALUES (611,'2013-07-19 22:20:40',2013,7,19,22,20,40,6);
INSERT INTO time VALUES (612,'2016-01-25 01:46:02',2016,1,25,1,46,2,2);
INSERT INTO time VALUES (613,'2017-11-30 14:37:07',2017,11,30,14,37,7,5);
INSERT INTO time VALUES (614,'2012-11-22 08:42:16',2012,11,22,8,42,16,5);
INSERT INTO time VALUES (615,'2017-10-24 05:08:17',2017,10,24,5,8,17,3);
INSERT INTO time VALUES (616,'2012-06-09 07:04:06',2012,6,9,7,4,6,7);
INSERT INTO time VALUES (617,'2013-12-28 10:23:22',2013,12,28,10,23,22,7);
INSERT INTO time VALUES (618,'2017-03-14 01:08:03',2017,3,14,1,8,3,3);
INSERT INTO time VALUES (619,'2013-07-28 09:08:04',2013,7,28,9,8,4,1);
INSERT INTO time VALUES (620,'2016-07-23 05:59:41',2016,7,23,5,59,41,7);
INSERT INTO time VALUES (621,'2012-12-05 04:26:06',2012,12,5,4,26,6,4);
INSERT INTO time VALUES (622,'2018-02-28 17:06:59',2018,2,28,17,6,59,4);
INSERT INTO time VALUES (623,'2013-07-11 17:24:57',2013,7,11,17,24,57,5);
INSERT INTO time VALUES (624,'2015-06-11 11:08:37',2015,6,11,11,8,37,5);
INSERT INTO time VALUES (625,'2012-10-13 20:43:59',2012,10,13,20,43,59,7);
INSERT INTO time VALUES (626,'2014-06-24 05:15:21',2014,6,24,5,15,21,3);
INSERT INTO time VALUES (627,'2017-10-12 22:10:06',2017,10,12,22,10,6,5);
INSERT INTO time VALUES (628,'2017-07-06 09:38:33',2017,7,6,9,38,33,5);
INSERT INTO time VALUES (629,'2012-08-06 17:00:28',2012,8,6,17,0,28,2);
INSERT INTO time VALUES (630,'2014-06-04 09:32:43',2014,6,4,9,32,43,4);
INSERT INTO time VALUES (631,'2013-09-17 18:44:49',2013,9,17,18,44,49,3);
INSERT INTO time VALUES (632,'2014-11-06 09:01:55',2014,11,6,9,1,55,5);
INSERT INTO time VALUES (633,'2018-03-09 16:56:55',2018,3,9,16,56,55,6);
INSERT INTO time VALUES (634,'2015-02-23 19:01:41',2015,2,23,19,1,41,2);
INSERT INTO time VALUES (635,'2015-09-04 17:22:40',2015,9,4,17,22,40,6);
INSERT INTO time VALUES (636,'2014-05-11 23:57:17',2014,5,11,23,57,17,1);
INSERT INTO time VALUES (637,'2012-11-13 06:29:56',2012,11,13,6,29,56,3);
INSERT INTO time VALUES (638,'2013-10-06 08:31:56',2013,10,6,8,31,56,1);
INSERT INTO time VALUES (639,'2017-01-10 16:38:22',2017,1,10,16,38,22,3);
INSERT INTO time VALUES (640,'2014-09-08 08:14:14',2014,9,8,8,14,14,2);
INSERT INTO time VALUES (641,'2012-05-14 14:20:50',2012,5,14,14,20,50,2);
INSERT INTO time VALUES (642,'2014-07-25 00:42:14',2014,7,25,0,42,14,6);
INSERT INTO time VALUES (643,'2017-05-12 13:06:01',2017,5,12,13,6,1,6);
INSERT INTO time VALUES (644,'2015-12-01 16:38:08',2015,12,1,16,38,8,3);
INSERT INTO time VALUES (645,'2013-12-11 14:48:07',2013,12,11,14,48,7,4);
INSERT INTO time VALUES (646,'2016-11-28 12:50:30',2016,11,28,12,50,30,2);
INSERT INTO time VALUES (647,'2013-04-22 11:37:24',2013,4,22,11,37,24,2);
INSERT INTO time VALUES (648,'2016-08-16 09:43:08',2016,8,16,9,43,8,3);
INSERT INTO time VALUES (649,'2017-02-25 21:21:02',2017,2,25,21,21,2,7);
INSERT INTO time VALUES (650,'2013-07-20 16:04:36',2013,7,20,16,4,36,7);
INSERT INTO time VALUES (651,'2012-12-28 02:23:41',2012,12,28,2,23,41,6);
INSERT INTO time VALUES (652,'2015-08-04 05:37:03',2015,8,4,5,37,3,3);
INSERT INTO time VALUES (653,'2017-12-09 15:07:48',2017,12,9,15,7,48,7);
INSERT INTO time VALUES (654,'2015-05-19 13:00:11',2015,5,19,13,0,11,3);
INSERT INTO time VALUES (655,'2016-12-12 10:18:17',2016,12,12,10,18,17,2);
INSERT INTO time VALUES (656,'2014-04-03 21:09:05',2014,4,3,21,9,5,5);
INSERT INTO time VALUES (657,'2014-12-21 12:39:50',2014,12,21,12,39,50,1);
INSERT INTO time VALUES (658,'2014-09-02 02:07:14',2014,9,2,2,7,14,3);
INSERT INTO time VALUES (659,'2015-05-19 11:12:43',2015,5,19,11,12,43,3);
INSERT INTO time VALUES (660,'2015-08-25 07:37:52',2015,8,25,7,37,52,3);
INSERT INTO time VALUES (661,'2016-01-10 15:00:49',2016,1,10,15,0,49,1);
INSERT INTO time VALUES (662,'2013-03-18 18:01:52',2013,3,18,18,1,52,2);
INSERT INTO time VALUES (663,'2014-05-14 07:32:09',2014,5,14,7,32,9,4);
INSERT INTO time VALUES (664,'2012-05-09 02:31:01',2012,5,9,2,31,1,4);
INSERT INTO time VALUES (665,'2018-02-14 01:03:56',2018,2,14,1,3,56,4);
INSERT INTO time VALUES (666,'2013-10-10 03:44:11',2013,10,10,3,44,11,5);
INSERT INTO time VALUES (667,'2012-10-21 07:37:27',2012,10,21,7,37,27,1);
INSERT INTO time VALUES (668,'2016-05-02 00:27:12',2016,5,2,0,27,12,2);
INSERT INTO time VALUES (669,'2013-08-27 06:38:51',2013,8,27,6,38,51,3);
INSERT INTO time VALUES (670,'2015-07-20 06:49:56',2015,7,20,6,49,56,2);
INSERT INTO time VALUES (671,'2012-11-05 16:39:22',2012,11,5,16,39,22,2);
INSERT INTO time VALUES (672,'2015-04-15 12:34:38',2015,4,15,12,34,38,4);
INSERT INTO time VALUES (673,'2013-07-28 00:12:27',2013,7,28,0,12,27,1);
INSERT INTO time VALUES (674,'2016-06-09 07:49:46',2016,6,9,7,49,46,5);
INSERT INTO time VALUES (675,'2012-08-02 14:45:08',2012,8,2,14,45,8,5);
INSERT INTO time VALUES (676,'2017-09-02 22:52:32',2017,9,2,22,52,32,7);
INSERT INTO time VALUES (677,'2013-10-23 22:48:36',2013,10,23,22,48,36,4);
INSERT INTO time VALUES (678,'2015-01-13 01:29:56',2015,1,13,1,29,56,3);
INSERT INTO time VALUES (679,'2012-08-01 13:11:05',2012,8,1,13,11,5,4);
INSERT INTO time VALUES (680,'2013-12-18 22:50:58',2013,12,18,22,50,58,4);
INSERT INTO time VALUES (681,'2016-10-19 19:27:29',2016,10,19,19,27,29,4);
INSERT INTO time VALUES (682,'2012-11-09 13:45:20',2012,11,9,13,45,20,6);
INSERT INTO time VALUES (683,'2014-05-26 14:21:05',2014,5,26,14,21,5,2);
INSERT INTO time VALUES (684,'2014-02-23 16:17:22',2014,2,23,16,17,22,1);
INSERT INTO time VALUES (685,'2013-03-04 08:30:25',2013,3,4,8,30,25,2);
INSERT INTO time VALUES (686,'2014-05-22 00:13:12',2014,5,22,0,13,12,5);
INSERT INTO time VALUES (687,'2013-03-26 15:27:46',2013,3,26,15,27,46,3);
INSERT INTO time VALUES (688,'2018-03-22 02:29:54',2018,3,22,2,29,54,5);
INSERT INTO time VALUES (689,'2015-03-18 12:29:05',2015,3,18,12,29,5,4);
INSERT INTO time VALUES (690,'2012-12-12 07:09:54',2012,12,12,7,9,54,4);
INSERT INTO time VALUES (691,'2018-02-27 20:56:42',2018,2,27,20,56,42,3);
INSERT INTO time VALUES (692,'2015-07-23 15:53:01',2015,7,23,15,53,1,5);
INSERT INTO time VALUES (693,'2013-03-27 02:30:25',2013,3,27,2,30,25,4);
INSERT INTO time VALUES (694,'2013-06-17 22:29:07',2013,6,17,22,29,7,2);
INSERT INTO time VALUES (695,'2017-02-01 04:11:25',2017,2,1,4,11,25,4);
INSERT INTO time VALUES (696,'2016-01-08 08:16:30',2016,1,8,8,16,30,6);
INSERT INTO time VALUES (697,'2017-12-12 19:49:16',2017,12,12,19,49,16,3);
INSERT INTO time VALUES (698,'2017-04-10 06:51:35',2017,4,10,6,51,35,2);
INSERT INTO time VALUES (699,'2015-02-21 13:25:36',2015,2,21,13,25,36,7);
INSERT INTO time VALUES (700,'2013-04-03 23:34:49',2013,4,3,23,34,49,4);
INSERT INTO time VALUES (701,'2014-03-26 03:23:25',2014,3,26,3,23,25,4);
INSERT INTO time VALUES (702,'2017-11-07 01:07:55',2017,11,7,1,7,55,3);
INSERT INTO time VALUES (703,'2016-09-16 07:07:34',2016,9,16,7,7,34,6);
INSERT INTO time VALUES (704,'2014-02-27 19:31:41',2014,2,27,19,31,41,5);
INSERT INTO time VALUES (705,'2015-07-26 06:00:29',2015,7,26,6,0,29,1);
INSERT INTO time VALUES (706,'2015-02-19 11:51:21',2015,2,19,11,51,21,5);
INSERT INTO time VALUES (707,'2014-01-06 09:09:39',2014,1,6,9,9,39,2);
INSERT INTO time VALUES (708,'2012-12-10 00:25:16',2012,12,10,0,25,16,2);
INSERT INTO time VALUES (709,'2012-09-26 02:36:39',2012,9,26,2,36,39,4);
INSERT INTO time VALUES (710,'2014-08-12 12:01:25',2014,8,12,12,1,25,3);
INSERT INTO time VALUES (711,'2014-08-12 13:24:59',2014,8,12,13,24,59,3);
INSERT INTO time VALUES (712,'2013-03-05 20:39:42',2013,3,5,20,39,42,3);
INSERT INTO time VALUES (713,'2013-10-14 13:33:39',2013,10,14,13,33,39,2);
INSERT INTO time VALUES (714,'2017-09-29 15:46:45',2017,9,29,15,46,45,6);
INSERT INTO time VALUES (715,'2013-07-16 01:51:26',2013,7,16,1,51,26,3);
INSERT INTO time VALUES (716,'2012-12-12 20:57:15',2012,12,12,20,57,15,4);
INSERT INTO time VALUES (717,'2015-01-29 09:07:55',2015,1,29,9,7,55,5);
INSERT INTO time VALUES (718,'2014-01-05 05:57:09',2014,1,5,5,57,9,1);
INSERT INTO time VALUES (719,'2017-11-11 05:40:40',2017,11,11,5,40,40,7);
INSERT INTO time VALUES (720,'2015-02-20 03:01:27',2015,2,20,3,1,27,6);
INSERT INTO time VALUES (721,'2013-09-28 17:58:02',2013,9,28,17,58,2,7);
INSERT INTO time VALUES (722,'2013-10-13 21:00:00',2013,10,13,21,0,0,1);
INSERT INTO time VALUES (723,'2013-12-25 18:46:45',2013,12,25,18,46,45,4);
INSERT INTO time VALUES (724,'2017-09-22 23:58:02',2017,9,22,23,58,2,6);
INSERT INTO time VALUES (725,'2014-02-16 21:42:22',2014,2,16,21,42,22,1);
INSERT INTO time VALUES (726,'2012-05-08 00:39:31',2012,5,8,0,39,31,3);
INSERT INTO time VALUES (727,'2013-05-20 01:00:25',2013,5,20,1,0,25,2);
INSERT INTO time VALUES (728,'2016-01-12 17:03:28',2016,1,12,17,3,28,3);
INSERT INTO time VALUES (729,'2016-09-01 11:34:06',2016,9,1,11,34,6,5);
INSERT INTO time VALUES (730,'2017-12-17 13:39:30',2017,12,17,13,39,30,1);
INSERT INTO time VALUES (731,'2015-09-23 15:01:25',2015,9,23,15,1,25,4);
INSERT INTO time VALUES (732,'2018-03-27 18:17:46',2018,3,27,18,17,46,3);
INSERT INTO time VALUES (733,'2016-02-26 06:14:08',2016,2,26,6,14,8,6);
INSERT INTO time VALUES (734,'2015-04-27 20:22:37',2015,4,27,20,22,37,2);
INSERT INTO time VALUES (735,'2014-02-23 03:54:22',2014,2,23,3,54,22,1);
INSERT INTO time VALUES (736,'2017-07-24 11:02:44',2017,7,24,11,2,44,2);
INSERT INTO time VALUES (737,'2017-12-07 10:42:17',2017,12,7,10,42,17,5);
INSERT INTO time VALUES (738,'2015-11-19 08:43:29',2015,11,19,8,43,29,5);
INSERT INTO time VALUES (739,'2015-05-14 05:03:46',2015,5,14,5,3,46,5);
INSERT INTO time VALUES (740,'2016-05-23 18:13:46',2016,5,23,18,13,46,2);
INSERT INTO time VALUES (741,'2015-08-07 13:20:25',2015,8,7,13,20,25,6);
INSERT INTO time VALUES (742,'2014-07-17 13:33:22',2014,7,17,13,33,22,5);
INSERT INTO time VALUES (743,'2015-04-25 17:12:48',2015,4,25,17,12,48,7);
INSERT INTO time VALUES (744,'2012-12-30 22:57:13',2012,12,30,22,57,13,1);
INSERT INTO time VALUES (745,'2017-08-02 03:41:25',2017,8,2,3,41,25,4);
INSERT INTO time VALUES (746,'2015-04-28 20:09:43',2015,4,28,20,9,43,3);
INSERT INTO time VALUES (747,'2015-10-14 11:10:39',2015,10,14,11,10,39,4);
INSERT INTO time VALUES (748,'2015-01-13 02:35:01',2015,1,13,2,35,1,3);
INSERT INTO time VALUES (749,'2017-06-06 18:05:06',2017,6,6,18,5,6,3);
INSERT INTO time VALUES (750,'2012-05-03 22:27:29',2012,5,3,22,27,29,5);
INSERT INTO time VALUES (751,'2014-01-03 00:33:42',2014,1,3,0,33,42,6);
INSERT INTO time VALUES (752,'2015-08-10 08:24:29',2015,8,10,8,24,29,2);
INSERT INTO time VALUES (753,'2014-07-08 09:01:58',2014,7,8,9,1,58,3);
INSERT INTO time VALUES (754,'2017-10-14 11:58:34',2017,10,14,11,58,34,7);
INSERT INTO time VALUES (755,'2015-05-11 22:24:27',2015,5,11,22,24,27,2);
INSERT INTO time VALUES (756,'2014-01-13 15:38:33',2014,1,13,15,38,33,2);
INSERT INTO time VALUES (757,'2012-07-29 19:01:19',2012,7,29,19,1,19,1);
INSERT INTO time VALUES (758,'2017-08-14 05:50:07',2017,8,14,5,50,7,2);
INSERT INTO time VALUES (759,'2018-01-19 08:00:32',2018,1,19,8,0,32,6);
INSERT INTO time VALUES (760,'2015-10-10 12:46:46',2015,10,10,12,46,46,7);
INSERT INTO time VALUES (761,'2013-10-25 18:46:59',2013,10,25,18,46,59,6);
INSERT INTO time VALUES (762,'2017-10-05 23:45:23',2017,10,5,23,45,23,5);
INSERT INTO time VALUES (763,'2014-02-07 11:12:16',2014,2,7,11,12,16,6);
INSERT INTO time VALUES (764,'2017-01-18 06:58:48',2017,1,18,6,58,48,4);
INSERT INTO time VALUES (765,'2017-05-17 22:13:33',2017,5,17,22,13,33,4);
INSERT INTO time VALUES (766,'2017-07-27 12:24:14',2017,7,27,12,24,14,5);
INSERT INTO time VALUES (767,'2013-10-20 08:51:19',2013,10,20,8,51,19,1);
INSERT INTO time VALUES (768,'2015-06-25 11:25:08',2015,6,25,11,25,8,5);
INSERT INTO time VALUES (769,'2015-11-03 02:00:39',2015,11,3,2,0,39,3);
INSERT INTO time VALUES (770,'2016-12-23 06:26:27',2016,12,23,6,26,27,6);
INSERT INTO time VALUES (771,'2017-05-31 05:32:42',2017,5,31,5,32,42,4);
INSERT INTO time VALUES (772,'2016-07-11 04:47:44',2016,7,11,4,47,44,2);
INSERT INTO time VALUES (773,'2012-11-05 02:41:37',2012,11,5,2,41,37,2);
INSERT INTO time VALUES (774,'2018-02-06 20:07:59',2018,2,6,20,7,59,3);
INSERT INTO time VALUES (775,'2016-09-30 09:43:17',2016,9,30,9,43,17,6);
INSERT INTO time VALUES (776,'2018-01-27 00:47:48',2018,1,27,0,47,48,7);
INSERT INTO time VALUES (777,'2017-09-27 17:56:38',2017,9,27,17,56,38,4);
INSERT INTO time VALUES (778,'2016-04-19 21:30:50',2016,4,19,21,30,50,3);
INSERT INTO time VALUES (779,'2013-11-29 11:21:05',2013,11,29,11,21,5,6);
INSERT INTO time VALUES (780,'2017-03-28 12:59:07',2017,3,28,12,59,7,3);
INSERT INTO time VALUES (781,'2013-12-10 19:02:53',2013,12,10,19,2,53,3);
INSERT INTO time VALUES (782,'2017-08-20 14:39:17',2017,8,20,14,39,17,1);
INSERT INTO time VALUES (783,'2013-11-02 19:08:49',2013,11,2,19,8,49,7);
INSERT INTO time VALUES (784,'2016-12-11 13:04:49',2016,12,11,13,4,49,1);
INSERT INTO time VALUES (785,'2017-10-14 18:00:45',2017,10,14,18,0,45,7);
INSERT INTO time VALUES (786,'2014-04-11 16:26:34',2014,4,11,16,26,34,6);
INSERT INTO time VALUES (787,'2017-09-14 15:15:34',2017,9,14,15,15,34,5);
INSERT INTO time VALUES (788,'2013-02-12 10:20:06',2013,2,12,10,20,6,3);
INSERT INTO time VALUES (789,'2017-12-20 08:59:23',2017,12,20,8,59,23,4);
INSERT INTO time VALUES (790,'2013-09-15 02:29:49',2013,9,15,2,29,49,1);
INSERT INTO time VALUES (791,'2017-03-07 23:53:32',2017,3,7,23,53,32,3);
INSERT INTO time VALUES (792,'2017-11-14 08:48:27',2017,11,14,8,48,27,3);
INSERT INTO time VALUES (793,'2015-08-08 07:31:58',2015,8,8,7,31,58,7);
INSERT INTO time VALUES (794,'2013-12-15 09:57:08',2013,12,15,9,57,8,1);
INSERT INTO time VALUES (795,'2014-06-23 22:23:11',2014,6,23,22,23,11,2);
INSERT INTO time VALUES (796,'2017-03-16 04:21:16',2017,3,16,4,21,16,5);
INSERT INTO time VALUES (797,'2013-08-13 15:25:06',2013,8,13,15,25,6,3);
INSERT INTO time VALUES (798,'2015-09-14 01:38:31',2015,9,14,1,38,31,2);
INSERT INTO time VALUES (799,'2018-01-08 17:46:14',2018,1,8,17,46,14,2);
INSERT INTO time VALUES (800,'2015-02-19 16:00:00',2015,2,19,16,0,0,5);
INSERT INTO time VALUES (801,'2014-11-12 08:22:49',2014,11,12,8,22,49,4);
INSERT INTO time VALUES (802,'2017-04-22 23:36:31',2017,4,22,23,36,31,7);
INSERT INTO time VALUES (803,'2015-01-22 01:32:50',2015,1,22,1,32,50,5);
INSERT INTO time VALUES (804,'2013-02-06 02:38:31',2013,2,6,2,38,31,4);
INSERT INTO time VALUES (805,'2016-07-10 08:56:34',2016,7,10,8,56,34,1);
INSERT INTO time VALUES (806,'2017-09-23 17:15:56',2017,9,23,17,15,56,7);
INSERT INTO time VALUES (807,'2017-04-17 05:13:37',2017,4,17,5,13,37,2);
INSERT INTO time VALUES (808,'2016-01-01 20:32:15',2016,1,1,20,32,15,6);
INSERT INTO time VALUES (809,'2016-06-10 02:17:51',2016,6,10,2,17,51,6);
INSERT INTO time VALUES (810,'2014-06-17 21:18:41',2014,6,17,21,18,41,3);
INSERT INTO time VALUES (811,'2013-03-04 00:51:00',2013,3,4,0,51,0,2);
INSERT INTO time VALUES (812,'2016-09-20 19:45:08',2016,9,20,19,45,8,3);
INSERT INTO time VALUES (813,'2013-08-04 00:54:43',2013,8,4,0,54,43,1);
INSERT INTO time VALUES (814,'2016-01-14 19:29:42',2016,1,14,19,29,42,5);
INSERT INTO time VALUES (815,'2014-06-05 16:28:38',2014,6,5,16,28,38,5);
INSERT INTO time VALUES (816,'2016-01-12 11:10:46',2016,1,12,11,10,46,3);
INSERT INTO time VALUES (817,'2013-01-23 19:53:02',2013,1,23,19,53,2,4);
INSERT INTO time VALUES (818,'2012-09-09 02:00:49',2012,9,9,2,0,49,1);
INSERT INTO time VALUES (819,'2017-08-20 04:27:30',2017,8,20,4,27,30,1);
INSERT INTO time VALUES (820,'2016-03-03 18:41:44',2016,3,3,18,41,44,5);
INSERT INTO time VALUES (821,'2013-12-19 14:20:55',2013,12,19,14,20,55,5);
INSERT INTO time VALUES (822,'2013-11-10 00:23:56',2013,11,10,0,23,56,1);
INSERT INTO time VALUES (823,'2015-10-10 22:55:38',2015,10,10,22,55,38,7);
INSERT INTO time VALUES (824,'2013-11-27 12:06:38',2013,11,27,12,6,38,4);
INSERT INTO time VALUES (825,'2013-03-28 09:58:54',2013,3,28,9,58,54,5);
INSERT INTO time VALUES (826,'2016-07-24 20:15:40',2016,7,24,20,15,40,1);
INSERT INTO time VALUES (827,'2013-08-13 21:15:55',2013,8,13,21,15,55,3);
INSERT INTO time VALUES (828,'2017-04-26 02:40:16',2017,4,26,2,40,16,4);
INSERT INTO time VALUES (829,'2016-05-18 14:08:11',2016,5,18,14,8,11,4);
INSERT INTO time VALUES (830,'2012-09-29 22:30:41',2012,9,29,22,30,41,7);
INSERT INTO time VALUES (831,'2014-06-07 13:50:22',2014,6,7,13,50,22,7);
INSERT INTO time VALUES (832,'2013-10-07 11:17:41',2013,10,7,11,17,41,2);
INSERT INTO time VALUES (833,'2012-12-12 14:53:41',2012,12,12,14,53,41,4);
INSERT INTO time VALUES (834,'2016-09-04 19:02:39',2016,9,4,19,2,39,1);
INSERT INTO time VALUES (835,'2012-11-29 00:56:16',2012,11,29,0,56,16,5);
INSERT INTO time VALUES (836,'2017-02-23 01:50:36',2017,2,23,1,50,36,5);
INSERT INTO time VALUES (837,'2016-06-09 18:22:48',2016,6,9,18,22,48,5);
INSERT INTO time VALUES (838,'2014-02-25 15:38:00',2014,2,25,15,38,0,3);
INSERT INTO time VALUES (839,'2016-03-08 23:24:51',2016,3,8,23,24,51,3);
INSERT INTO time VALUES (840,'2015-05-19 14:18:26',2015,5,19,14,18,26,3);
INSERT INTO time VALUES (841,'2016-09-30 17:54:40',2016,9,30,17,54,40,6);
INSERT INTO time VALUES (842,'2013-04-25 13:37:44',2013,4,25,13,37,44,5);
INSERT INTO time VALUES (843,'2012-05-04 09:10:16',2012,5,4,9,10,16,6);
INSERT INTO time VALUES (844,'2015-10-30 14:41:22',2015,10,30,14,41,22,6);
INSERT INTO time VALUES (845,'2014-01-08 08:39:39',2014,1,8,8,39,39,4);
INSERT INTO time VALUES (846,'2015-01-27 00:54:41',2015,1,27,0,54,41,3);
INSERT INTO time VALUES (847,'2017-07-27 02:05:10',2017,7,27,2,5,10,5);
INSERT INTO time VALUES (848,'2014-08-08 10:15:35',2014,8,8,10,15,35,6);
INSERT INTO time VALUES (849,'2013-03-04 03:15:22',2013,3,4,3,15,22,2);
INSERT INTO time VALUES (850,'2016-08-09 14:57:04',2016,8,9,14,57,4,3);
INSERT INTO time VALUES (851,'2013-03-21 05:49:17',2013,3,21,5,49,17,5);
INSERT INTO time VALUES (852,'2015-05-27 17:17:38',2015,5,27,17,17,38,4);
INSERT INTO time VALUES (853,'2013-03-07 21:11:33',2013,3,7,21,11,33,5);
INSERT INTO time VALUES (854,'2013-09-11 07:18:59',2013,9,11,7,18,59,4);
INSERT INTO time VALUES (855,'2016-11-21 01:20:09',2016,11,21,1,20,9,2);
INSERT INTO time VALUES (856,'2018-03-24 09:27:18',2018,3,24,9,27,18,7);
INSERT INTO time VALUES (857,'2016-05-02 20:27:27',2016,5,2,20,27,27,2);
INSERT INTO time VALUES (858,'2015-04-30 06:37:00',2015,4,30,6,37,0,5);
INSERT INTO time VALUES (859,'2016-03-29 06:44:14',2016,3,29,6,44,14,3);
INSERT INTO time VALUES (860,'2013-06-06 20:22:51',2013,6,6,20,22,51,5);
INSERT INTO time VALUES (861,'2016-12-16 08:27:14',2016,12,16,8,27,14,6);
INSERT INTO time VALUES (862,'2014-09-08 22:32:21',2014,9,8,22,32,21,2);
INSERT INTO time VALUES (863,'2014-06-02 02:02:39',2014,6,2,2,2,39,2);
INSERT INTO time VALUES (864,'2014-10-20 05:14:08',2014,10,20,5,14,8,2);
INSERT INTO time VALUES (865,'2012-05-01 06:20:10',2012,5,1,6,20,10,3);
INSERT INTO time VALUES (866,'2017-04-27 10:29:27',2017,4,27,10,29,27,5);
INSERT INTO time VALUES (867,'2016-03-08 00:04:53',2016,3,8,0,4,53,3);
INSERT INTO time VALUES (868,'2013-06-26 13:50:36',2013,6,26,13,50,36,4);
INSERT INTO time VALUES (869,'2014-01-07 07:37:17',2014,1,7,7,37,17,3);
INSERT INTO time VALUES (870,'2012-12-05 14:12:06',2012,12,5,14,12,6,4);
INSERT INTO time VALUES (871,'2013-04-25 07:28:56',2013,4,25,7,28,56,5);
INSERT INTO time VALUES (872,'2013-10-26 17:50:25',2013,10,26,17,50,25,7);
INSERT INTO time VALUES (873,'2015-09-12 13:37:31',2015,9,12,13,37,31,7);
INSERT INTO time VALUES (874,'2014-03-29 00:41:12',2014,3,29,0,41,12,7);
INSERT INTO time VALUES (875,'2016-05-17 11:53:46',2016,5,17,11,53,46,3);
INSERT INTO time VALUES (876,'2017-10-08 18:09:39',2017,10,8,18,9,39,1);
INSERT INTO time VALUES (877,'2015-01-18 23:36:53',2015,1,18,23,36,53,1);
INSERT INTO time VALUES (878,'2013-06-14 04:51:00',2013,6,14,4,51,0,6);
INSERT INTO time VALUES (879,'2016-01-26 19:41:02',2016,1,26,19,41,2,3);
INSERT INTO time VALUES (880,'2013-06-10 07:57:12',2013,6,10,7,57,12,2);
INSERT INTO time VALUES (881,'2013-06-16 13:09:27',2013,6,16,13,9,27,1);
INSERT INTO time VALUES (882,'2016-03-17 20:34:41',2016,3,17,20,34,41,5);
INSERT INTO time VALUES (883,'2013-12-24 19:35:11',2013,12,24,19,35,11,3);
INSERT INTO time VALUES (884,'2016-03-22 12:48:19',2016,3,22,12,48,19,3);
INSERT INTO time VALUES (885,'2016-10-16 19:47:44',2016,10,16,19,47,44,1);
INSERT INTO time VALUES (886,'2016-11-30 18:37:41',2016,11,30,18,37,41,4);
INSERT INTO time VALUES (887,'2017-06-05 20:08:34',2017,6,5,20,8,34,2);
INSERT INTO time VALUES (888,'2013-02-02 19:53:33',2013,2,2,19,53,33,7);
INSERT INTO time VALUES (889,'2013-11-27 08:54:15',2013,11,27,8,54,15,4);
INSERT INTO time VALUES (890,'2016-06-22 21:31:07',2016,6,22,21,31,7,4);
INSERT INTO time VALUES (891,'2012-10-28 17:09:47',2012,10,28,17,9,47,1);
INSERT INTO time VALUES (892,'2015-11-12 13:13:47',2015,11,12,13,13,47,5);
INSERT INTO time VALUES (893,'2016-01-03 12:06:06',2016,1,3,12,6,6,1);
INSERT INTO time VALUES (894,'2013-06-16 13:35:25',2013,6,16,13,35,25,1);
INSERT INTO time VALUES (895,'2014-07-31 00:09:02',2014,7,31,0,9,2,5);
INSERT INTO time VALUES (896,'2016-10-25 12:22:02',2016,10,25,12,22,2,3);
INSERT INTO time VALUES (897,'2012-05-10 00:51:15',2012,5,10,0,51,15,5);
INSERT INTO time VALUES (898,'2015-08-22 01:53:33',2015,8,22,1,53,33,7);
INSERT INTO time VALUES (899,'2015-07-25 20:10:50',2015,7,25,20,10,50,7);
INSERT INTO time VALUES (900,'2013-01-22 15:52:18',2013,1,22,15,52,18,3);
INSERT INTO time VALUES (901,'2017-04-29 07:29:51',2017,4,29,7,29,51,7);
INSERT INTO time VALUES (902,'2012-10-14 11:30:47',2012,10,14,11,30,47,1);
INSERT INTO time VALUES (903,'2014-02-23 21:58:25',2014,2,23,21,58,25,1);
INSERT INTO time VALUES (904,'2012-12-06 20:23:07',2012,12,6,20,23,7,5);
INSERT INTO time VALUES (905,'2016-01-14 06:02:57',2016,1,14,6,2,57,5);
INSERT INTO time VALUES (906,'2013-02-17 22:19:23',2013,2,17,22,19,23,1);
INSERT INTO time VALUES (907,'2016-07-09 14:19:19',2016,7,9,14,19,19,7);
INSERT INTO time VALUES (908,'2012-06-06 19:20:28',2012,6,6,19,20,28,4);
INSERT INTO time VALUES (909,'2017-02-14 18:39:33',2017,2,14,18,39,33,3);
INSERT INTO time VALUES (910,'2017-08-18 17:05:48',2017,8,18,17,5,48,6);
INSERT INTO time VALUES (911,'2013-11-06 13:14:41',2013,11,6,13,14,41,4);
INSERT INTO time VALUES (912,'2018-01-12 14:13:00',2018,1,12,14,13,0,6);
INSERT INTO time VALUES (913,'2015-12-21 10:19:15',2015,12,21,10,19,15,2);
INSERT INTO time VALUES (914,'2012-11-27 18:27:07',2012,11,27,18,27,7,3);
INSERT INTO time VALUES (915,'2016-08-11 13:58:52',2016,8,11,13,58,52,5);
INSERT INTO time VALUES (916,'2015-12-20 11:48:17',2015,12,20,11,48,17,1);
INSERT INTO time VALUES (917,'2017-07-25 00:53:12',2017,7,25,0,53,12,3);
INSERT INTO time VALUES (918,'2013-08-25 02:06:56',2013,8,25,2,6,56,1);
INSERT INTO time VALUES (919,'2012-10-30 09:47:10',2012,10,30,9,47,10,3);
INSERT INTO time VALUES (920,'2015-12-01 01:59:29',2015,12,1,1,59,29,3);
INSERT INTO time VALUES (921,'2017-08-03 15:48:48',2017,8,3,15,48,48,5);
INSERT INTO time VALUES (922,'2014-09-09 05:07:45',2014,9,9,5,7,45,3);
INSERT INTO time VALUES (923,'2013-07-20 12:52:22',2013,7,20,12,52,22,7);
INSERT INTO time VALUES (924,'2016-04-29 15:10:04',2016,4,29,15,10,4,6);
INSERT INTO time VALUES (925,'2016-02-10 12:12:58',2016,2,10,12,12,58,4);
INSERT INTO time VALUES (926,'2014-05-22 13:28:21',2014,5,22,13,28,21,5);
INSERT INTO time VALUES (927,'2013-09-13 23:18:38',2013,9,13,23,18,38,6);
INSERT INTO time VALUES (928,'2013-01-03 23:18:52',2013,1,3,23,18,52,5);
INSERT INTO time VALUES (929,'2016-10-04 06:16:12',2016,10,4,6,16,12,3);
INSERT INTO time VALUES (930,'2013-09-30 06:36:09',2013,9,30,6,36,9,2);
INSERT INTO time VALUES (931,'2014-05-07 21:17:29',2014,5,7,21,17,29,4);
INSERT INTO time VALUES (932,'2017-06-24 21:20:29',2017,6,24,21,20,29,7);
INSERT INTO time VALUES (933,'2018-01-09 14:20:53',2018,1,9,14,20,53,3);
INSERT INTO time VALUES (934,'2013-01-05 00:13:26',2013,1,5,0,13,26,7);
INSERT INTO time VALUES (935,'2017-03-25 21:55:35',2017,3,25,21,55,35,7);
INSERT INTO time VALUES (936,'2015-11-26 11:18:30',2015,11,26,11,18,30,5);
INSERT INTO time VALUES (937,'2014-04-17 23:24:18',2014,4,17,23,24,18,5);
INSERT INTO time VALUES (938,'2013-07-24 20:11:48',2013,7,24,20,11,48,4);
INSERT INTO time VALUES (939,'2015-11-10 18:42:36',2015,11,10,18,42,36,3);
INSERT INTO time VALUES (940,'2015-11-08 14:54:40',2015,11,8,14,54,40,1);
INSERT INTO time VALUES (941,'2017-03-13 11:42:51',2017,3,13,11,42,51,2);
INSERT INTO time VALUES (942,'2012-05-02 14:33:32',2012,5,2,14,33,32,4);
INSERT INTO time VALUES (943,'2013-03-11 01:07:22',2013,3,11,1,7,22,2);
INSERT INTO time VALUES (944,'2014-08-23 07:05:39',2014,8,23,7,5,39,7);
INSERT INTO time VALUES (945,'2013-01-02 21:46:48',2013,1,2,21,46,48,4);
INSERT INTO time VALUES (946,'2016-04-10 08:32:39',2016,4,10,8,32,39,1);
INSERT INTO time VALUES (947,'2016-12-19 07:45:07',2016,12,19,7,45,7,2);
INSERT INTO time VALUES (948,'2015-10-17 04:48:21',2015,10,17,4,48,21,7);
INSERT INTO time VALUES (949,'2013-11-28 21:39:00',2013,11,28,21,39,0,5);
INSERT INTO time VALUES (950,'2014-08-08 14:40:55',2014,8,8,14,40,55,6);
INSERT INTO time VALUES (951,'2016-11-02 22:45:22',2016,11,2,22,45,22,4);
INSERT INTO time VALUES (952,'2017-11-23 23:16:16',2017,11,23,23,16,16,5);
INSERT INTO time VALUES (953,'2017-04-24 11:08:58',2017,4,24,11,8,58,2);
INSERT INTO time VALUES (954,'2014-07-10 11:41:40',2014,7,10,11,41,40,5);
INSERT INTO time VALUES (955,'2017-08-20 16:32:27',2017,8,20,16,32,27,1);
INSERT INTO time VALUES (956,'2012-05-21 10:39:24',2012,5,21,10,39,24,2);
INSERT INTO time VALUES (957,'2012-06-27 08:52:03',2012,6,27,8,52,3,4);
INSERT INTO time VALUES (958,'2013-11-11 05:28:46',2013,11,11,5,28,46,2);
INSERT INTO time VALUES (959,'2014-12-23 04:13:38',2014,12,23,4,13,38,3);
INSERT INTO time VALUES (960,'2016-08-02 11:22:31',2016,8,2,11,22,31,3);
INSERT INTO time VALUES (961,'2013-12-16 21:07:52',2013,12,16,21,7,52,2);
INSERT INTO time VALUES (962,'2012-08-15 03:35:07',2012,8,15,3,35,7,4);
INSERT INTO time VALUES (963,'2017-03-10 16:17:40',2017,3,10,16,17,40,6);
INSERT INTO time VALUES (964,'2015-06-30 02:02:28',2015,6,30,2,2,28,3);
INSERT INTO time VALUES (965,'2016-05-21 23:57:58',2016,5,21,23,57,58,7);
INSERT INTO time VALUES (966,'2012-04-28 05:35:22',2012,4,28,5,35,22,7);
INSERT INTO time VALUES (967,'2016-12-30 07:10:53',2016,12,30,7,10,53,6);
INSERT INTO time VALUES (968,'2015-03-18 23:20:36',2015,3,18,23,20,36,4);
INSERT INTO time VALUES (969,'2012-07-20 09:44:22',2012,7,20,9,44,22,6);
INSERT INTO time VALUES (970,'2015-02-03 07:18:52',2015,2,3,7,18,52,3);
INSERT INTO time VALUES (971,'2017-04-24 07:03:46',2017,4,24,7,3,46,2);
INSERT INTO time VALUES (972,'2013-08-27 17:28:33',2013,8,27,17,28,33,3);
INSERT INTO time VALUES (973,'2013-07-04 05:15:21',2013,7,4,5,15,21,5);
INSERT INTO time VALUES (974,'2013-02-12 23:12:33',2013,2,12,23,12,33,3);
INSERT INTO time VALUES (975,'2016-07-21 10:55:55',2016,7,21,10,55,55,5);
INSERT INTO time VALUES (976,'2016-08-14 13:48:25',2016,8,14,13,48,25,1);
INSERT INTO time VALUES (977,'2015-10-12 14:42:48',2015,10,12,14,42,48,2);
INSERT INTO time VALUES (978,'2017-08-07 02:18:06',2017,8,7,2,18,6,2);
INSERT INTO time VALUES (979,'2012-05-05 21:53:16',2012,5,5,21,53,16,7);
INSERT INTO time VALUES (980,'2017-09-16 07:25:50',2017,9,16,7,25,50,7);
INSERT INTO time VALUES (981,'2013-07-16 14:01:00',2013,7,16,14,1,0,3);
INSERT INTO time VALUES (982,'2017-05-18 17:59:45',2017,5,18,17,59,45,5);
INSERT INTO time VALUES (983,'2013-02-14 16:16:11',2013,2,14,16,16,11,5);
INSERT INTO time VALUES (984,'2013-06-26 08:43:33',2013,6,26,8,43,33,4);
INSERT INTO time VALUES (985,'2017-03-28 13:16:28',2017,3,28,13,16,28,3);
INSERT INTO time VALUES (986,'2016-05-08 09:23:56',2016,5,8,9,23,56,1);
INSERT INTO time VALUES (987,'2017-01-31 01:49:39',2017,1,31,1,49,39,3);
INSERT INTO time VALUES (988,'2014-01-20 06:53:56',2014,1,20,6,53,56,2);
INSERT INTO time VALUES (989,'2014-06-15 07:43:38',2014,6,15,7,43,38,1);
INSERT INTO time VALUES (990,'2012-07-14 11:38:06',2012,7,14,11,38,6,7);
INSERT INTO time VALUES (991,'2016-04-25 05:30:00',2016,4,25,5,30,0,2);
INSERT INTO time VALUES (992,'2017-07-18 14:12:02',2017,7,18,14,12,2,3);
INSERT INTO time VALUES (993,'2014-05-18 17:54:31',2014,5,18,17,54,31,1);
INSERT INTO time VALUES (994,'2012-06-14 22:03:50',2012,6,14,22,3,50,5);
INSERT INTO time VALUES (995,'2016-03-29 19:22:14',2016,3,29,19,22,14,3);
INSERT INTO time VALUES (996,'2017-09-19 17:00:30',2017,9,19,17,0,30,3);
INSERT INTO time VALUES (997,'2013-10-05 12:17:01',2013,10,5,12,17,1,7);
INSERT INTO time VALUES (998,'2015-06-30 14:42:22',2015,6,30,14,42,22,3);
INSERT INTO time VALUES (999,'2016-05-01 14:08:02',2016,5,1,14,8,2,1);
INSERT INTO time VALUES (1000,'2013-04-06 00:17:09',2013,4,6,0,17,9,7);
INSERT INTO sales VALUES (4,868,227,154,-39864);
INSERT INTO sales VALUES (5,436,684,724,79272);
INSERT INTO sales VALUES (6,529,176,478,-33632);
INSERT INTO sales VALUES (7,146,16,891,87806);
INSERT INTO sales VALUES (8,483,657,790,98243);
INSERT INTO sales VALUES (9,475,676,36,70617);
INSERT INTO sales VALUES (10,945,269,736,15843);
INSERT INTO sales VALUES (11,842,221,640,97271);
INSERT INTO sales VALUES (12,565,72,298,-21165);
INSERT INTO sales VALUES (13,522,797,181,74564);
INSERT INTO sales VALUES (14,901,649,714,59255);
INSERT INTO sales VALUES (15,399,448,186,-30148);
INSERT INTO sales VALUES (16,442,667,112,-76557);
INSERT INTO sales VALUES (17,657,430,921,93972);
INSERT INTO sales VALUES (18,93,477,933,-22094);
INSERT INTO sales VALUES (19,694,676,717,35152);
INSERT INTO sales VALUES (20,261,894,30,69074);
INSERT INTO sales VALUES (21,803,221,302,6671);
INSERT INTO sales VALUES (22,445,335,347,52347);
INSERT INTO sales VALUES (23,423,112,487,-7423);
INSERT INTO sales VALUES (24,697,498,968,-24328);
INSERT INTO sales VALUES (25,213,854,268,-58757);
INSERT INTO sales VALUES (26,722,658,977,35961);
INSERT INTO sales VALUES (27,76,548,87,33471);
INSERT INTO sales VALUES (28,519,967,898,13693);
INSERT INTO sales VALUES (29,544,611,870,60126);
INSERT INTO sales VALUES (30,384,910,34,48275);
INSERT INTO sales VALUES (31,643,845,489,77915);
INSERT INTO sales VALUES (32,901,23,597,-23604);
INSERT INTO sales VALUES (33,630,91,537,72687);
INSERT INTO sales VALUES (34,207,871,844,-36498);
INSERT INTO sales VALUES (35,136,262,185,50546);
INSERT INTO sales VALUES (36,874,815,265,53441);
INSERT INTO sales VALUES (37,8,459,306,-59572);
INSERT INTO sales VALUES (38,613,144,851,95152);
INSERT INTO sales VALUES (39,148,956,696,75325);
INSERT INTO sales VALUES (40,650,5,325,-77313);
INSERT INTO sales VALUES (41,110,445,615,19323);
INSERT INTO sales VALUES (42,139,83,400,99709);
INSERT INTO sales VALUES (43,458,232,36,-66586);
INSERT INTO sales VALUES (44,814,276,315,-72321);
INSERT INTO sales VALUES (45,637,214,810,-93270);
INSERT INTO sales VALUES (46,101,39,594,-26999);
INSERT INTO sales VALUES (47,892,365,912,-12121);
INSERT INTO sales VALUES (48,925,701,448,6189);
INSERT INTO sales VALUES (49,207,894,619,27652);
INSERT INTO sales VALUES (50,114,680,101,-52819);
INSERT INTO sales VALUES (51,37,437,9,-52664);
INSERT INTO sales VALUES (52,304,223,4,-21129);
INSERT INTO sales VALUES (53,813,602,12,40224);
INSERT INTO sales VALUES (54,826,212,733,-86136);
INSERT INTO sales VALUES (55,915,576,490,21384);
INSERT INTO sales VALUES (56,977,406,441,-19953);
INSERT INTO sales VALUES (57,663,660,355,-40035);
INSERT INTO sales VALUES (58,668,298,167,66885);
INSERT INTO sales VALUES (59,773,474,173,47199);
INSERT INTO sales VALUES (60,458,393,544,-52227);
INSERT INTO sales VALUES (61,144,793,177,-64561);
INSERT INTO sales VALUES (62,322,814,846,-75585);
INSERT INTO sales VALUES (63,633,621,262,48823);
INSERT INTO sales VALUES (64,276,201,98,-88832);
INSERT INTO sales VALUES (65,329,210,106,-71779);
INSERT INTO sales VALUES (66,678,262,128,-60648);
INSERT INTO sales VALUES (67,906,499,976,-8806);
INSERT INTO sales VALUES (68,455,582,32,35120);
INSERT INTO sales VALUES (69,446,296,352,-90174);
INSERT INTO sales VALUES (70,937,336,886,46793);
INSERT INTO sales VALUES (71,479,956,702,8053);
INSERT INTO sales VALUES (72,211,524,899,-39239);
INSERT INTO sales VALUES (73,344,254,372,-24605);
INSERT INTO sales VALUES (74,56,279,5,-72743);
INSERT INTO sales VALUES (75,597,853,441,-22562);
INSERT INTO sales VALUES (76,289,726,453,22553);
INSERT INTO sales VALUES (77,333,397,723,-23631);
INSERT INTO sales VALUES (78,108,731,640,-50075);
INSERT INTO sales VALUES (79,115,875,555,-98638);
INSERT INTO sales VALUES (80,542,801,845,-77913);
INSERT INTO sales VALUES (81,520,304,638,-61567);
INSERT INTO sales VALUES (82,155,658,763,-99227);
INSERT INTO sales VALUES (83,324,102,240,-72911);
INSERT INTO sales VALUES (84,858,431,12,42658);
INSERT INTO sales VALUES (85,983,281,953,-44695);
INSERT INTO sales VALUES (86,925,594,510,1117);
INSERT INTO sales VALUES (87,640,715,413,52519);
INSERT INTO sales VALUES (88,154,827,767,-65665);
INSERT INTO sales VALUES (89,532,433,298,10454);
INSERT INTO sales VALUES (90,202,200,748,8700);
INSERT INTO sales VALUES (91,824,99,508,-40025);
INSERT INTO sales VALUES (92,799,218,378,40673);
INSERT INTO sales VALUES (93,703,58,938,-19538);
INSERT INTO sales VALUES (94,497,598,492,83449);
INSERT INTO sales VALUES (95,612,496,721,32773);
INSERT INTO sales VALUES (96,699,406,227,-14094);
INSERT INTO sales VALUES (97,647,637,973,62463);
INSERT INTO sales VALUES (98,817,635,352,12928);
INSERT INTO sales VALUES (99,217,69,777,-26830);
INSERT INTO sales VALUES (100,935,781,256,-70082);
INSERT INTO sales VALUES (101,669,993,213,-30485);
INSERT INTO sales VALUES (102,87,741,655,5567);
INSERT INTO sales VALUES (103,619,231,726,34391);
INSERT INTO sales VALUES (104,851,385,447,-51167);
INSERT INTO sales VALUES (105,498,18,852,26113);
INSERT INTO sales VALUES (106,571,224,674,32822);
INSERT INTO sales VALUES (107,275,545,768,55121);
INSERT INTO sales VALUES (108,570,422,688,29387);
INSERT INTO sales VALUES (109,346,264,21,85558);
INSERT INTO sales VALUES (110,95,959,435,-68246);
INSERT INTO sales VALUES (111,509,813,158,-12238);
INSERT INTO sales VALUES (112,532,619,810,-84012);
INSERT INTO sales VALUES (113,840,114,255,-72614);
INSERT INTO sales VALUES (114,109,135,925,81981);
INSERT INTO sales VALUES (115,11,419,700,-28285);
INSERT INTO sales VALUES (116,315,198,91,94188);
INSERT INTO sales VALUES (117,589,906,138,-65791);
INSERT INTO sales VALUES (118,508,797,195,-64535);
INSERT INTO sales VALUES (119,231,111,942,7388);
INSERT INTO sales VALUES (120,226,813,266,-25891);
INSERT INTO sales VALUES (121,60,991,617,91765);
INSERT INTO sales VALUES (122,349,266,749,-2560);
INSERT INTO sales VALUES (123,820,796,53,-84113);
INSERT INTO sales VALUES (124,419,540,356,-25780);
INSERT INTO sales VALUES (125,819,775,510,-33904);
INSERT INTO sales VALUES (126,149,354,431,-78437);
INSERT INTO sales VALUES (127,753,643,299,68969);
INSERT INTO sales VALUES (128,876,314,984,-26470);
INSERT INTO sales VALUES (129,519,293,442,59730);
INSERT INTO sales VALUES (130,177,808,946,-25066);
INSERT INTO sales VALUES (131,900,140,410,-79563);
INSERT INTO sales VALUES (132,47,147,55,-20064);
INSERT INTO sales VALUES (133,521,557,100,-20752);
INSERT INTO sales VALUES (134,569,407,133,-57331);
INSERT INTO sales VALUES (135,789,769,802,-55800);
INSERT INTO sales VALUES (136,878,8,174,-83711);
INSERT INTO sales VALUES (137,391,681,601,10951);
INSERT INTO sales VALUES (138,575,785,210,10631);
INSERT INTO sales VALUES (139,901,797,809,10383);
INSERT INTO sales VALUES (140,918,13,389,-95712);
INSERT INTO sales VALUES (141,749,783,262,33359);
INSERT INTO sales VALUES (142,108,742,187,-46443);
INSERT INTO sales VALUES (143,46,971,350,-72812);
INSERT INTO sales VALUES (144,294,535,970,-87132);
INSERT INTO sales VALUES (145,334,942,174,-15183);
INSERT INTO sales VALUES (146,281,289,357,41934);
INSERT INTO sales VALUES (147,22,393,265,-22913);
INSERT INTO sales VALUES (148,308,105,830,76543);
INSERT INTO sales VALUES (149,564,615,827,-62454);
INSERT INTO sales VALUES (150,297,486,280,-63326);
INSERT INTO sales VALUES (151,643,312,974,28737);
INSERT INTO sales VALUES (152,84,744,112,-26802);
INSERT INTO sales VALUES (153,864,560,558,54641);
INSERT INTO sales VALUES (154,697,846,795,-16575);
INSERT INTO sales VALUES (155,911,939,732,-15938);
INSERT INTO sales VALUES (156,703,781,866,7476);
INSERT INTO sales VALUES (157,902,931,854,-68588);
INSERT INTO sales VALUES (158,803,376,885,-96278);
INSERT INTO sales VALUES (159,394,598,682,-8293);
INSERT INTO sales VALUES (160,199,306,547,15549);
INSERT INTO sales VALUES (161,100,753,348,-26563);
INSERT INTO sales VALUES (162,908,168,109,-74457);
INSERT INTO sales VALUES (163,529,921,529,98196);
INSERT INTO sales VALUES (164,823,154,282,65490);
INSERT INTO sales VALUES (165,311,766,626,81214);
INSERT INTO sales VALUES (166,35,579,104,-85806);
INSERT INTO sales VALUES (167,890,997,248,74817);
INSERT INTO sales VALUES (168,581,512,929,78140);
INSERT INTO sales VALUES (169,973,118,451,90203);
INSERT INTO sales VALUES (170,276,341,315,-85098);
INSERT INTO sales VALUES (171,222,770,71,-55992);
INSERT INTO sales VALUES (172,142,3,709,94003);
INSERT INTO sales VALUES (173,877,608,274,12812);
INSERT INTO sales VALUES (174,28,116,130,73627);
INSERT INTO sales VALUES (175,655,698,77,-18503);
INSERT INTO sales VALUES (176,550,595,224,86186);
INSERT INTO sales VALUES (177,901,8,797,-69577);
INSERT INTO sales VALUES (178,531,148,981,88758);
INSERT INTO sales VALUES (179,871,960,660,-50373);
INSERT INTO sales VALUES (180,743,150,295,-28939);
INSERT INTO sales VALUES (181,357,692,513,85200);
INSERT INTO sales VALUES (182,908,786,16,98752);
INSERT INTO sales VALUES (183,823,311,417,-10349);
INSERT INTO sales VALUES (184,289,587,16,-78494);
INSERT INTO sales VALUES (185,638,994,184,-16414);
INSERT INTO sales VALUES (186,625,450,286,-54568);
INSERT INTO sales VALUES (187,931,486,406,53875);
INSERT INTO sales VALUES (188,100,930,674,17857);
INSERT INTO sales VALUES (189,847,155,110,41652);
INSERT INTO sales VALUES (190,877,823,650,16262);
INSERT INTO sales VALUES (191,889,863,273,-8138);
INSERT INTO sales VALUES (192,271,849,534,41167);
INSERT INTO sales VALUES (193,31,385,950,-63615);
INSERT INTO sales VALUES (194,727,321,618,-98919);
INSERT INTO sales VALUES (195,476,201,518,66815);
INSERT INTO sales VALUES (196,97,945,155,83087);
INSERT INTO sales VALUES (197,617,544,50,-81556);
INSERT INTO sales VALUES (198,880,698,518,-39195);
INSERT INTO sales VALUES (199,548,874,153,66404);
INSERT INTO sales VALUES (200,850,200,500,-90350);
INSERT INTO sales VALUES (201,823,434,821,-23611);
INSERT INTO sales VALUES (202,272,715,919,-89880);
INSERT INTO sales VALUES (203,224,447,144,-40692);
INSERT INTO sales VALUES (204,970,904,494,-53267);
INSERT INTO sales VALUES (205,573,707,2,-60746);
INSERT INTO sales VALUES (206,699,127,779,-84341);
INSERT INTO sales VALUES (207,46,739,266,-87515);
INSERT INTO sales VALUES (208,124,656,993,37155);
INSERT INTO sales VALUES (209,808,75,108,-74761);
INSERT INTO sales VALUES (210,219,157,54,3598);
INSERT INTO sales VALUES (211,266,884,313,60295);
INSERT INTO sales VALUES (212,815,214,983,-69754);
INSERT INTO sales VALUES (213,440,326,222,58807);
INSERT INTO sales VALUES (214,162,790,325,76235);
INSERT INTO sales VALUES (215,703,576,934,-24294);
INSERT INTO sales VALUES (216,829,444,571,-85622);
INSERT INTO sales VALUES (217,604,231,623,-67181);
INSERT INTO sales VALUES (218,696,971,757,45990);
INSERT INTO sales VALUES (219,243,95,749,82885);
INSERT INTO sales VALUES (220,139,881,382,-56084);
INSERT INTO sales VALUES (221,884,366,331,13214);
INSERT INTO sales VALUES (222,969,652,253,49370);
INSERT INTO sales VALUES (223,599,811,185,-58452);
INSERT INTO sales VALUES (224,992,189,421,89584);
INSERT INTO sales VALUES (225,592,34,539,76290);
INSERT INTO sales VALUES (226,836,570,531,5223);
INSERT INTO sales VALUES (227,50,357,494,-52750);
INSERT INTO sales VALUES (228,958,195,831,62237);
INSERT INTO sales VALUES (229,763,355,842,-9841);
INSERT INTO sales VALUES (230,492,321,627,81125);
INSERT INTO sales VALUES (231,100,895,830,-76649);
INSERT INTO sales VALUES (232,453,986,337,-87536);
INSERT INTO sales VALUES (233,453,405,374,-56055);
INSERT INTO sales VALUES (234,967,567,888,-91730);
INSERT INTO sales VALUES (235,550,199,647,34015);
INSERT INTO sales VALUES (236,572,207,46,-97886);
INSERT INTO sales VALUES (237,811,338,656,87566);
INSERT INTO sales VALUES (238,312,499,752,58280);
INSERT INTO sales VALUES (239,12,943,752,1156);
INSERT INTO sales VALUES (240,459,995,490,3768);
INSERT INTO sales VALUES (241,312,736,955,-22327);
INSERT INTO sales VALUES (242,894,410,410,82101);
INSERT INTO sales VALUES (243,875,633,614,-30725);
INSERT INTO sales VALUES (244,734,431,557,63483);
INSERT INTO sales VALUES (245,332,388,425,53765);
INSERT INTO sales VALUES (246,159,715,319,-46732);
INSERT INTO sales VALUES (247,622,587,452,-88356);
INSERT INTO sales VALUES (248,518,616,678,-70014);
INSERT INTO sales VALUES (249,739,15,385,83786);
INSERT INTO sales VALUES (250,38,564,122,-61247);
INSERT INTO sales VALUES (251,77,112,165,-86963);
INSERT INTO sales VALUES (252,793,745,553,-77471);
INSERT INTO sales VALUES (253,770,74,316,28776);
INSERT INTO sales VALUES (254,634,358,201,-29247);
INSERT INTO sales VALUES (255,531,156,925,8227);
INSERT INTO sales VALUES (256,381,429,349,48783);
INSERT INTO sales VALUES (257,595,345,941,-20968);
INSERT INTO sales VALUES (258,913,580,557,30625);
INSERT INTO sales VALUES (259,184,168,451,-49048);
INSERT INTO sales VALUES (260,641,963,684,72136);
INSERT INTO sales VALUES (261,336,396,383,92633);
INSERT INTO sales VALUES (262,589,174,604,-20155);
INSERT INTO sales VALUES (263,89,193,854,64969);
INSERT INTO sales VALUES (264,856,601,445,-52181);
INSERT INTO sales VALUES (265,459,376,392,-92117);
INSERT INTO sales VALUES (266,146,270,766,-80116);
INSERT INTO sales VALUES (267,591,43,224,40004);
INSERT INTO sales VALUES (268,761,301,26,37315);
INSERT INTO sales VALUES (269,173,494,42,57987);
INSERT INTO sales VALUES (270,427,723,849,-13149);
INSERT INTO sales VALUES (271,687,410,586,45965);
INSERT INTO sales VALUES (272,968,698,54,25660);
INSERT INTO sales VALUES (273,905,968,78,58427);
INSERT INTO sales VALUES (274,552,472,788,63585);
INSERT INTO sales VALUES (275,19,339,712,-45735);
INSERT INTO sales VALUES (276,166,388,380,91763);
INSERT INTO sales VALUES (277,511,469,776,-78966);
INSERT INTO sales VALUES (278,634,227,246,-29243);
INSERT INTO sales VALUES (279,904,738,95,72541);
INSERT INTO sales VALUES (280,448,410,802,-83425);
INSERT INTO sales VALUES (281,883,658,415,75085);
INSERT INTO sales VALUES (282,833,529,602,92969);
INSERT INTO sales VALUES (283,201,19,331,-76276);
INSERT INTO sales VALUES (284,368,913,187,-56421);
INSERT INTO sales VALUES (285,638,159,321,43520);
INSERT INTO sales VALUES (286,592,764,21,6881);
INSERT INTO sales VALUES (287,613,424,360,81577);
INSERT INTO sales VALUES (288,473,184,263,92091);
INSERT INTO sales VALUES (289,293,222,726,423);
INSERT INTO sales VALUES (290,770,714,396,-49403);
INSERT INTO sales VALUES (291,658,251,152,75741);
INSERT INTO sales VALUES (292,375,751,301,10578);
INSERT INTO sales VALUES (293,772,648,271,75573);
INSERT INTO sales VALUES (294,818,137,545,-16682);
INSERT INTO sales VALUES (295,563,89,981,-60598);
INSERT INTO sales VALUES (296,916,143,570,-22762);
INSERT INTO sales VALUES (297,504,948,316,-98422);
INSERT INTO sales VALUES (298,130,678,162,-76737);
INSERT INTO sales VALUES (299,724,186,958,-70834);
INSERT INTO sales VALUES (300,448,270,533,-63370);
INSERT INTO sales VALUES (301,883,507,480,86300);
INSERT INTO sales VALUES (302,66,710,769,71033);
INSERT INTO sales VALUES (303,887,818,482,11103);
INSERT INTO sales VALUES (304,747,577,817,-51151);
INSERT INTO sales VALUES (305,126,851,986,83383);
INSERT INTO sales VALUES (306,395,863,179,29476);
INSERT INTO sales VALUES (307,594,159,297,98268);
INSERT INTO sales VALUES (308,251,965,893,-15461);
INSERT INTO sales VALUES (309,258,560,550,70353);
INSERT INTO sales VALUES (310,596,45,624,-49137);
INSERT INTO sales VALUES (311,489,311,838,-92434);
INSERT INTO sales VALUES (312,197,258,490,22487);
INSERT INTO sales VALUES (313,948,219,399,-22947);
INSERT INTO sales VALUES (314,937,907,690,-2799);
INSERT INTO sales VALUES (315,235,732,446,-47866);
INSERT INTO sales VALUES (316,516,824,536,-49946);
INSERT INTO sales VALUES (317,735,767,407,21784);
INSERT INTO sales VALUES (318,506,422,985,11556);
INSERT INTO sales VALUES (319,46,4,987,66973);
INSERT INTO sales VALUES (320,433,448,4,34929);
INSERT INTO sales VALUES (321,620,157,290,54592);
INSERT INTO sales VALUES (322,759,190,147,41983);
INSERT INTO sales VALUES (323,958,377,691,26490);
INSERT INTO sales VALUES (324,476,433,431,65922);
INSERT INTO sales VALUES (325,697,761,756,16182);
INSERT INTO sales VALUES (326,194,19,5,-66843);
INSERT INTO sales VALUES (327,117,865,908,-49718);
INSERT INTO sales VALUES (328,443,743,284,31524);
INSERT INTO sales VALUES (329,410,122,749,-90597);
INSERT INTO sales VALUES (330,97,65,593,43309);
INSERT INTO sales VALUES (331,645,83,740,-97277);
INSERT INTO sales VALUES (332,231,148,924,-84764);
INSERT INTO sales VALUES (333,469,510,54,1056);
INSERT INTO sales VALUES (334,371,630,562,-46741);
INSERT INTO sales VALUES (335,285,631,786,-24984);
INSERT INTO sales VALUES (336,312,99,418,68488);
INSERT INTO sales VALUES (337,987,663,863,-94597);
INSERT INTO sales VALUES (338,995,417,802,42683);
INSERT INTO sales VALUES (339,825,845,920,-12370);
INSERT INTO sales VALUES (340,354,177,315,-4746);
INSERT INTO sales VALUES (341,349,829,900,90494);
INSERT INTO sales VALUES (342,551,920,300,-22523);
INSERT INTO sales VALUES (343,942,960,230,-50630);
INSERT INTO sales VALUES (344,937,644,618,-99310);
INSERT INTO sales VALUES (345,302,693,193,-75592);
INSERT INTO sales VALUES (346,985,493,958,61088);
INSERT INTO sales VALUES (347,575,543,197,45970);
INSERT INTO sales VALUES (348,276,36,699,96827);
INSERT INTO sales VALUES (349,825,233,933,-32237);
INSERT INTO sales VALUES (350,812,894,313,15775);
INSERT INTO sales VALUES (351,597,193,922,-86812);
INSERT INTO sales VALUES (352,383,808,183,-79454);
INSERT INTO sales VALUES (353,472,594,148,54475);
INSERT INTO sales VALUES (354,486,102,449,-2314);
INSERT INTO sales VALUES (355,493,552,654,-29484);
INSERT INTO sales VALUES (356,478,549,412,-44372);
INSERT INTO sales VALUES (357,365,57,581,-45801);
INSERT INTO sales VALUES (358,958,72,596,-65853);
INSERT INTO sales VALUES (359,177,723,231,-39696);
INSERT INTO sales VALUES (360,119,85,393,36165);
INSERT INTO sales VALUES (361,899,174,55,80988);
INSERT INTO sales VALUES (362,89,894,875,-51156);
INSERT INTO sales VALUES (363,437,889,448,3791);
INSERT INTO sales VALUES (364,717,446,402,27261);
INSERT INTO sales VALUES (365,794,919,471,82070);
INSERT INTO sales VALUES (366,628,250,389,14499);
INSERT INTO sales VALUES (367,315,70,10,61263);
INSERT INTO sales VALUES (368,457,13,157,-24501);
INSERT INTO sales VALUES (369,546,656,873,-98269);
INSERT INTO sales VALUES (370,166,675,842,56989);
INSERT INTO sales VALUES (371,450,61,410,11741);
INSERT INTO sales VALUES (372,75,307,533,27524);
INSERT INTO sales VALUES (373,885,763,892,-99563);
INSERT INTO sales VALUES (374,203,566,172,-7640);
INSERT INTO sales VALUES (375,225,299,861,73552);
INSERT INTO sales VALUES (376,636,287,724,50042);
INSERT INTO sales VALUES (377,707,67,170,26063);
INSERT INTO sales VALUES (378,47,823,752,41941);
INSERT INTO sales VALUES (379,605,382,85,-35347);
INSERT INTO sales VALUES (380,421,314,757,-71152);
INSERT INTO sales VALUES (381,486,209,633,97921);
INSERT INTO sales VALUES (382,495,498,959,-78671);
INSERT INTO sales VALUES (383,716,351,527,61033);
INSERT INTO sales VALUES (384,798,662,8,22777);
INSERT INTO sales VALUES (385,581,491,523,57491);
INSERT INTO sales VALUES (386,623,108,848,8046);
INSERT INTO sales VALUES (387,322,346,753,90096);
INSERT INTO sales VALUES (388,194,313,449,-70731);
INSERT INTO sales VALUES (389,572,694,102,94764);
INSERT INTO sales VALUES (390,454,430,820,78650);
INSERT INTO sales VALUES (391,117,830,364,979);
INSERT INTO sales VALUES (392,551,118,232,88422);
INSERT INTO sales VALUES (393,439,224,408,90778);
INSERT INTO sales VALUES (394,409,363,199,-1743);
INSERT INTO sales VALUES (395,60,580,732,-81656);
INSERT INTO sales VALUES (396,224,203,834,-40773);
INSERT INTO sales VALUES (397,397,57,293,-32543);
INSERT INTO sales VALUES (398,341,221,112,-81567);
INSERT INTO sales VALUES (399,440,123,617,90646);
INSERT INTO sales VALUES (400,190,836,39,-99471);
INSERT INTO sales VALUES (401,533,270,861,-80414);
INSERT INTO sales VALUES (402,622,725,952,-78063);
INSERT INTO sales VALUES (403,345,327,976,15293);
INSERT INTO sales VALUES (404,38,379,484,-54867);
INSERT INTO sales VALUES (405,389,329,776,-88659);
INSERT INTO sales VALUES (406,466,172,771,-14164);
INSERT INTO sales VALUES (407,57,501,605,53185);
INSERT INTO sales VALUES (408,948,114,237,14374);
INSERT INTO sales VALUES (409,605,418,176,-62002);
INSERT INTO sales VALUES (410,709,646,28,52106);
INSERT INTO sales VALUES (411,525,395,91,-48149);
INSERT INTO sales VALUES (412,439,353,616,-89179);
INSERT INTO sales VALUES (413,458,377,134,60456);
INSERT INTO sales VALUES (414,501,298,778,85766);
INSERT INTO sales VALUES (415,690,159,71,-38377);
INSERT INTO sales VALUES (416,144,304,571,-17092);
INSERT INTO sales VALUES (417,517,545,948,-16680);
INSERT INTO sales VALUES (418,252,783,733,-59697);
INSERT INTO sales VALUES (419,399,12,12,58990);
INSERT INTO sales VALUES (420,982,868,358,25620);
INSERT INTO sales VALUES (421,50,503,218,-96326);
INSERT INTO sales VALUES (422,511,643,648,-12579);
INSERT INTO sales VALUES (423,311,49,875,54424);
INSERT INTO sales VALUES (424,331,986,246,-64625);
INSERT INTO sales VALUES (425,686,488,961,25564);
INSERT INTO sales VALUES (426,408,824,949,15133);
INSERT INTO sales VALUES (427,246,142,418,39981);
INSERT INTO sales VALUES (428,978,246,710,10961);
INSERT INTO sales VALUES (429,681,312,646,-6941);
INSERT INTO sales VALUES (430,932,451,582,33950);
INSERT INTO sales VALUES (431,708,502,969,-40142);
INSERT INTO sales VALUES (432,317,281,74,-66040);
INSERT INTO sales VALUES (433,358,951,372,-38827);
INSERT INTO sales VALUES (434,99,752,151,-97088);
INSERT INTO sales VALUES (435,274,102,890,-14413);
INSERT INTO sales VALUES (436,836,964,127,95798);
INSERT INTO sales VALUES (437,860,843,27,53460);
INSERT INTO sales VALUES (438,201,829,669,79488);
INSERT INTO sales VALUES (439,664,247,491,84282);
INSERT INTO sales VALUES (440,40,87,904,-2302);
INSERT INTO sales VALUES (441,941,940,430,-74998);
INSERT INTO sales VALUES (442,450,590,171,7008);
INSERT INTO sales VALUES (443,266,17,608,34134);
INSERT INTO sales VALUES (444,331,187,749,-42523);
INSERT INTO sales VALUES (445,962,549,956,7521);
INSERT INTO sales VALUES (446,641,421,922,-63302);
INSERT INTO sales VALUES (447,72,258,733,-58338);
INSERT INTO sales VALUES (448,72,970,350,73315);
INSERT INTO sales VALUES (449,976,782,274,96111);
INSERT INTO sales VALUES (450,105,764,981,-61523);
INSERT INTO sales VALUES (451,895,500,326,81635);
INSERT INTO sales VALUES (452,698,327,390,-24588);
INSERT INTO sales VALUES (453,363,199,729,20100);
INSERT INTO sales VALUES (454,191,655,411,19523);
INSERT INTO sales VALUES (455,513,342,135,13414);
INSERT INTO sales VALUES (456,668,575,621,-2546);
INSERT INTO sales VALUES (457,105,461,426,9222);
INSERT INTO sales VALUES (458,477,641,675,56753);
INSERT INTO sales VALUES (459,159,33,802,-64261);
INSERT INTO sales VALUES (460,998,512,71,-10671);
INSERT INTO sales VALUES (461,585,986,158,44959);
INSERT INTO sales VALUES (462,186,430,458,35395);
INSERT INTO sales VALUES (463,413,718,500,41919);
INSERT INTO sales VALUES (464,791,746,495,28475);
INSERT INTO sales VALUES (465,711,175,645,-56832);
INSERT INTO sales VALUES (466,518,774,326,-60109);
INSERT INTO sales VALUES (467,564,245,778,51488);
INSERT INTO sales VALUES (468,22,605,526,-28132);
INSERT INTO sales VALUES (469,563,537,345,1475);
INSERT INTO sales VALUES (470,870,938,588,-28935);
INSERT INTO sales VALUES (471,391,907,820,77060);
INSERT INTO sales VALUES (472,839,537,366,-78555);
INSERT INTO sales VALUES (473,537,944,825,89018);
INSERT INTO sales VALUES (474,724,579,307,-29232);
INSERT INTO sales VALUES (475,406,310,138,56648);
INSERT INTO sales VALUES (476,305,638,646,-17721);
INSERT INTO sales VALUES (477,928,633,496,-93996);
INSERT INTO sales VALUES (478,453,31,450,85117);
INSERT INTO sales VALUES (479,463,124,805,-4886);
INSERT INTO sales VALUES (480,3,921,104,-87210);
INSERT INTO sales VALUES (481,811,297,842,-87787);
INSERT INTO sales VALUES (482,506,558,528,-77946);
INSERT INTO sales VALUES (483,100,501,58,4271);
INSERT INTO sales VALUES (484,780,438,330,89760);
INSERT INTO sales VALUES (485,424,440,113,-87194);
INSERT INTO sales VALUES (486,569,850,429,117);
INSERT INTO sales VALUES (487,475,852,898,2473);
INSERT INTO sales VALUES (488,813,94,677,49366);
INSERT INTO sales VALUES (489,211,460,857,41596);
INSERT INTO sales VALUES (490,595,207,533,15092);
INSERT INTO sales VALUES (491,564,307,351,-55102);
INSERT INTO sales VALUES (492,764,12,942,-95985);
INSERT INTO sales VALUES (493,311,821,412,-8934);
INSERT INTO sales VALUES (494,861,933,398,-43919);
INSERT INTO sales VALUES (495,765,470,244,-51938);
INSERT INTO sales VALUES (496,739,342,879,-62021);
INSERT INTO sales VALUES (497,425,428,434,-95979);
INSERT INTO sales VALUES (498,472,5,722,-91238);
INSERT INTO sales VALUES (499,264,191,128,41138);
INSERT INTO sales VALUES (500,711,233,410,21642);
INSERT INTO sales VALUES (501,458,818,289,69133);
INSERT INTO sales VALUES (502,717,162,446,-59303);
INSERT INTO sales VALUES (503,427,91,332,-99063);
INSERT INTO sales VALUES (504,152,10,243,7026);
INSERT INTO sales VALUES (505,610,387,367,38932);
INSERT INTO sales VALUES (506,959,724,906,-1543);
INSERT INTO sales VALUES (507,431,849,449,-840);
INSERT INTO sales VALUES (508,740,667,911,-40384);
INSERT INTO sales VALUES (509,34,665,82,-13272);
INSERT INTO sales VALUES (510,557,365,880,-31447);
INSERT INTO sales VALUES (511,3,350,432,-66090);
INSERT INTO sales VALUES (512,206,806,376,-25464);
INSERT INTO sales VALUES (513,290,530,839,23766);
INSERT INTO sales VALUES (514,399,93,670,-45495);
INSERT INTO sales VALUES (515,845,295,318,34318);
INSERT INTO sales VALUES (516,704,183,68,72114);
INSERT INTO sales VALUES (517,674,720,451,70861);
INSERT INTO sales VALUES (518,836,233,748,-53999);
INSERT INTO sales VALUES (519,849,541,606,-43456);
INSERT INTO sales VALUES (520,68,97,581,-60844);
INSERT INTO sales VALUES (521,335,896,729,-60003);
INSERT INTO sales VALUES (522,212,416,827,-4748);
INSERT INTO sales VALUES (523,532,837,150,25685);
INSERT INTO sales VALUES (524,39,657,105,42672);
INSERT INTO sales VALUES (525,734,843,870,29048);
INSERT INTO sales VALUES (526,427,104,920,88668);
INSERT INTO sales VALUES (527,829,848,620,-94620);
INSERT INTO sales VALUES (528,820,411,518,71132);
INSERT INTO sales VALUES (529,276,155,648,57182);
INSERT INTO sales VALUES (530,693,629,66,-54425);
INSERT INTO sales VALUES (531,14,395,272,41805);
INSERT INTO sales VALUES (532,797,805,672,-80125);
INSERT INTO sales VALUES (533,62,589,915,18844);
INSERT INTO sales VALUES (534,187,647,363,-74236);
INSERT INTO sales VALUES (535,691,559,952,-13516);
INSERT INTO sales VALUES (536,663,233,339,-93430);
INSERT INTO sales VALUES (537,556,980,308,75042);
INSERT INTO sales VALUES (538,22,308,737,99651);
INSERT INTO sales VALUES (539,216,69,710,-96791);
INSERT INTO sales VALUES (540,835,155,651,-82429);
INSERT INTO sales VALUES (541,661,754,862,-42620);
INSERT INTO sales VALUES (542,29,621,1000,-84720);
INSERT INTO sales VALUES (543,180,689,739,53682);
INSERT INTO sales VALUES (544,414,897,941,-13921);
INSERT INTO sales VALUES (545,61,196,441,24808);
INSERT INTO sales VALUES (546,908,862,804,20691);
INSERT INTO sales VALUES (547,322,230,545,-59664);
INSERT INTO sales VALUES (548,643,130,596,-18106);
INSERT INTO sales VALUES (549,928,329,21,-3806);
INSERT INTO sales VALUES (550,738,509,621,80858);
INSERT INTO sales VALUES (551,571,578,136,-51028);
INSERT INTO sales VALUES (552,833,120,820,32253);
INSERT INTO sales VALUES (553,725,374,410,-2956);
INSERT INTO sales VALUES (554,611,857,415,54085);
INSERT INTO sales VALUES (555,132,530,618,85456);
INSERT INTO sales VALUES (556,366,388,114,-41249);
INSERT INTO sales VALUES (557,967,481,107,7183);
INSERT INTO sales VALUES (558,968,77,131,-90463);
INSERT INTO sales VALUES (559,389,55,364,-45224);
INSERT INTO sales VALUES (560,960,728,275,-16700);
INSERT INTO sales VALUES (561,239,506,521,-96519);
INSERT INTO sales VALUES (562,761,176,54,-85646);
INSERT INTO sales VALUES (563,497,226,283,-87479);
INSERT INTO sales VALUES (564,936,773,731,46940);
INSERT INTO sales VALUES (565,601,101,600,-18231);
INSERT INTO sales VALUES (566,968,993,282,-74119);
INSERT INTO sales VALUES (567,48,636,84,96055);
INSERT INTO sales VALUES (568,68,540,669,10925);
INSERT INTO sales VALUES (569,762,549,979,-23825);
INSERT INTO sales VALUES (570,557,152,591,6955);
INSERT INTO sales VALUES (571,263,176,449,-21967);
INSERT INTO sales VALUES (572,712,713,987,28479);
INSERT INTO sales VALUES (573,598,537,497,-404);
INSERT INTO sales VALUES (574,126,566,463,55886);
INSERT INTO sales VALUES (575,657,32,573,36639);
INSERT INTO sales VALUES (576,25,603,920,-51838);
INSERT INTO sales VALUES (577,613,144,100,-19697);
INSERT INTO sales VALUES (578,83,861,29,-58448);
INSERT INTO sales VALUES (579,570,281,879,-31348);
INSERT INTO sales VALUES (580,471,499,183,-55052);
INSERT INTO sales VALUES (581,423,527,521,-47592);
INSERT INTO sales VALUES (582,833,420,807,22607);
INSERT INTO sales VALUES (583,802,896,221,-71298);
INSERT INTO sales VALUES (584,751,422,152,39046);
INSERT INTO sales VALUES (585,901,247,796,-36970);
INSERT INTO sales VALUES (586,968,746,789,-66298);
INSERT INTO sales VALUES (587,899,401,952,-7207);
INSERT INTO sales VALUES (588,341,38,539,-95726);
INSERT INTO sales VALUES (589,694,947,419,77766);
INSERT INTO sales VALUES (590,555,292,148,-31022);
INSERT INTO sales VALUES (591,333,851,223,96005);
INSERT INTO sales VALUES (592,420,375,86,17490);
INSERT INTO sales VALUES (593,376,884,835,44128);
INSERT INTO sales VALUES (594,791,648,469,17867);
INSERT INTO sales VALUES (595,644,648,381,-22000);
INSERT INTO sales VALUES (596,789,713,888,19023);
INSERT INTO sales VALUES (597,61,526,156,47510);
INSERT INTO sales VALUES (598,776,147,5,67455);
INSERT INTO sales VALUES (599,198,130,791,7085);
INSERT INTO sales VALUES (600,902,917,190,-27595);
INSERT INTO sales VALUES (601,997,740,148,-48128);
INSERT INTO sales VALUES (602,961,828,953,87246);
INSERT INTO sales VALUES (603,250,203,610,19841);
INSERT INTO sales VALUES (604,300,732,488,51177);
INSERT INTO sales VALUES (605,437,948,460,-68196);
INSERT INTO sales VALUES (606,600,436,603,-31751);
INSERT INTO sales VALUES (607,493,286,592,14322);
INSERT INTO sales VALUES (608,876,762,773,5271);
INSERT INTO sales VALUES (609,504,815,121,-23532);
INSERT INTO sales VALUES (610,781,357,433,-89557);
INSERT INTO sales VALUES (611,207,808,35,-94364);
INSERT INTO sales VALUES (612,952,975,647,337);
INSERT INTO sales VALUES (613,536,232,47,-1501);
INSERT INTO sales VALUES (614,636,348,263,-21226);
INSERT INTO sales VALUES (615,249,327,279,58567);
INSERT INTO sales VALUES (616,359,887,697,-20024);
INSERT INTO sales VALUES (617,861,391,335,-74451);
INSERT INTO sales VALUES (618,273,28,463,-62912);
INSERT INTO sales VALUES (619,352,745,546,139);
INSERT INTO sales VALUES (620,123,581,737,-27494);
INSERT INTO sales VALUES (621,453,430,369,33473);
INSERT INTO sales VALUES (622,730,187,673,-57485);
INSERT INTO sales VALUES (623,418,687,961,-39218);
INSERT INTO sales VALUES (624,752,222,1000,-12852);
INSERT INTO sales VALUES (625,930,241,282,26745);
INSERT INTO sales VALUES (626,996,942,382,-88963);
INSERT INTO sales VALUES (627,718,974,787,-91102);
INSERT INTO sales VALUES (628,961,672,179,89948);
INSERT INTO sales VALUES (629,609,117,603,20852);
INSERT INTO sales VALUES (630,479,270,340,48605);
INSERT INTO sales VALUES (631,422,121,411,75996);
INSERT INTO sales VALUES (632,991,467,17,5299);
INSERT INTO sales VALUES (633,950,388,57,15404);
INSERT INTO sales VALUES (634,382,552,28,5688);
INSERT INTO sales VALUES (635,237,386,130,24410);
INSERT INTO sales VALUES (636,955,686,998,-34955);
INSERT INTO sales VALUES (637,273,615,526,26411);
INSERT INTO sales VALUES (638,677,579,912,10989);
INSERT INTO sales VALUES (639,837,411,752,42765);
INSERT INTO sales VALUES (640,162,425,433,14298);
INSERT INTO sales VALUES (641,149,162,29,33202);
INSERT INTO sales VALUES (642,621,494,695,60742);
INSERT INTO sales VALUES (643,62,180,272,-35119);
INSERT INTO sales VALUES (644,162,823,957,78075);
INSERT INTO sales VALUES (645,813,106,831,-56309);
INSERT INTO sales VALUES (646,233,68,346,-40438);
INSERT INTO sales VALUES (647,856,141,904,13706);
INSERT INTO sales VALUES (648,23,571,30,54894);
INSERT INTO sales VALUES (649,579,534,926,11572);
INSERT INTO sales VALUES (650,52,148,302,67298);
INSERT INTO sales VALUES (651,19,421,61,-34841);
INSERT INTO sales VALUES (652,78,957,998,9101);
INSERT INTO sales VALUES (653,43,550,65,48082);
INSERT INTO sales VALUES (654,202,400,774,16744);
INSERT INTO sales VALUES (655,237,594,514,95756);
INSERT INTO sales VALUES (656,413,882,405,-61522);
INSERT INTO sales VALUES (657,858,752,212,77199);
INSERT INTO sales VALUES (658,411,967,94,-84746);
INSERT INTO sales VALUES (659,267,502,334,-53077);
INSERT INTO sales VALUES (660,208,926,812,44857);
INSERT INTO sales VALUES (661,913,870,3,51997);
INSERT INTO sales VALUES (662,864,11,85,-94514);
INSERT INTO sales VALUES (663,813,378,325,-24030);
INSERT INTO sales VALUES (664,991,501,57,17143);
INSERT INTO sales VALUES (665,53,17,462,48795);
INSERT INTO sales VALUES (666,51,430,221,-10039);
INSERT INTO sales VALUES (667,491,212,944,31718);
INSERT INTO sales VALUES (668,299,634,400,-15132);
INSERT INTO sales VALUES (669,306,485,260,21245);
INSERT INTO sales VALUES (670,517,102,555,25735);
INSERT INTO sales VALUES (671,447,921,331,-42302);
INSERT INTO sales VALUES (672,394,705,93,78362);
INSERT INTO sales VALUES (673,649,580,834,24251);
INSERT INTO sales VALUES (674,174,134,197,17080);
INSERT INTO sales VALUES (675,725,664,377,-73080);
INSERT INTO sales VALUES (676,985,534,905,46966);
INSERT INTO sales VALUES (677,980,791,853,-12395);
INSERT INTO sales VALUES (678,826,558,447,85633);
INSERT INTO sales VALUES (679,471,725,547,-88853);
INSERT INTO sales VALUES (680,244,447,136,-24701);
INSERT INTO sales VALUES (681,322,570,331,-55538);
INSERT INTO sales VALUES (682,143,41,709,-78958);
INSERT INTO sales VALUES (683,94,260,129,-48148);
INSERT INTO sales VALUES (684,132,954,260,12565);
INSERT INTO sales VALUES (685,73,218,824,22682);
INSERT INTO sales VALUES (686,266,965,248,-6152);
INSERT INTO sales VALUES (687,289,837,930,54510);
INSERT INTO sales VALUES (688,991,237,336,69242);
INSERT INTO sales VALUES (689,637,221,626,-64836);
INSERT INTO sales VALUES (690,467,525,391,44487);
INSERT INTO sales VALUES (691,556,904,258,-3973);
INSERT INTO sales VALUES (692,78,375,251,22592);
INSERT INTO sales VALUES (693,36,687,655,-95282);
INSERT INTO sales VALUES (694,961,556,383,56095);
INSERT INTO sales VALUES (695,80,455,137,-38891);
INSERT INTO sales VALUES (696,371,103,336,24907);
INSERT INTO sales VALUES (697,89,594,464,-67748);
INSERT INTO sales VALUES (698,827,504,260,46110);
INSERT INTO sales VALUES (699,495,393,140,-66613);
INSERT INTO sales VALUES (700,104,922,519,-50355);
INSERT INTO sales VALUES (701,745,817,505,-63988);
INSERT INTO sales VALUES (702,840,676,422,-16668);
INSERT INTO sales VALUES (703,936,245,894,3648);
INSERT INTO sales VALUES (704,573,42,231,-96449);
INSERT INTO sales VALUES (705,700,609,563,-2650);
INSERT INTO sales VALUES (706,148,461,1,-12245);
INSERT INTO sales VALUES (707,615,984,604,-8033);
INSERT INTO sales VALUES (708,178,303,733,-46853);
INSERT INTO sales VALUES (709,652,534,513,43426);
INSERT INTO sales VALUES (710,984,455,711,-53112);
INSERT INTO sales VALUES (711,91,861,85,29709);
INSERT INTO sales VALUES (712,10,272,786,-15052);
INSERT INTO sales VALUES (713,340,366,843,17019);
INSERT INTO sales VALUES (714,267,19,152,-16729);
INSERT INTO sales VALUES (715,546,598,475,-11683);
INSERT INTO sales VALUES (716,792,978,952,-73641);
INSERT INTO sales VALUES (717,444,617,128,74038);
INSERT INTO sales VALUES (718,50,220,978,17856);
INSERT INTO sales VALUES (719,785,890,816,79715);
INSERT INTO sales VALUES (720,425,742,22,-82511);
INSERT INTO sales VALUES (721,817,305,238,-97945);
INSERT INTO sales VALUES (722,939,884,21,-63134);
INSERT INTO sales VALUES (723,793,618,589,-83390);
INSERT INTO sales VALUES (724,912,144,925,-25033);
INSERT INTO sales VALUES (725,251,78,665,-92339);
INSERT INTO sales VALUES (726,516,714,10,3621);
INSERT INTO sales VALUES (727,134,190,69,-36212);
INSERT INTO sales VALUES (728,182,89,851,88842);
INSERT INTO sales VALUES (729,745,961,28,-58139);
INSERT INTO sales VALUES (730,915,255,622,81055);
INSERT INTO sales VALUES (731,721,457,282,-82739);
INSERT INTO sales VALUES (732,189,952,778,83958);
INSERT INTO sales VALUES (733,5,715,160,-125);
INSERT INTO sales VALUES (734,159,201,146,-31904);
INSERT INTO sales VALUES (735,986,76,301,-87832);
INSERT INTO sales VALUES (736,27,707,295,-83860);
INSERT INTO sales VALUES (737,831,968,586,53133);
INSERT INTO sales VALUES (738,249,214,867,-8197);
INSERT INTO sales VALUES (739,255,202,847,92179);
INSERT INTO sales VALUES (740,797,707,488,-20888);
INSERT INTO sales VALUES (741,782,707,761,34437);
INSERT INTO sales VALUES (742,185,212,816,-51990);
INSERT INTO sales VALUES (743,606,786,596,-26074);
INSERT INTO sales VALUES (744,425,678,873,70793);
INSERT INTO sales VALUES (745,368,675,946,-17171);
INSERT INTO sales VALUES (746,617,895,719,20107);
INSERT INTO sales VALUES (747,736,763,190,-5455);
INSERT INTO sales VALUES (748,164,909,155,36751);
INSERT INTO sales VALUES (749,79,800,326,-3261);
INSERT INTO sales VALUES (750,426,613,366,57969);
INSERT INTO sales VALUES (751,339,330,658,95813);
INSERT INTO sales VALUES (752,603,31,832,47280);
INSERT INTO sales VALUES (753,288,361,741,-18957);
INSERT INTO sales VALUES (754,369,817,127,-87675);
INSERT INTO sales VALUES (755,924,838,130,-34238);
INSERT INTO sales VALUES (756,112,4,261,36845);
INSERT INTO sales VALUES (757,53,309,346,93485);
INSERT INTO sales VALUES (758,735,316,487,-75523);
INSERT INTO sales VALUES (759,804,553,764,80933);
INSERT INTO sales VALUES (760,171,534,886,-67185);
INSERT INTO sales VALUES (761,527,526,216,20911);
INSERT INTO sales VALUES (762,974,117,553,-14155);
INSERT INTO sales VALUES (763,366,495,622,82234);
INSERT INTO sales VALUES (764,889,908,999,-51897);
INSERT INTO sales VALUES (765,303,500,585,-85684);
INSERT INTO sales VALUES (766,974,769,915,8123);
INSERT INTO sales VALUES (767,952,404,584,90299);
INSERT INTO sales VALUES (768,918,571,287,-65183);
INSERT INTO sales VALUES (769,67,544,452,-323);
INSERT INTO sales VALUES (770,308,512,682,-15826);
INSERT INTO sales VALUES (771,747,865,502,66857);
INSERT INTO sales VALUES (772,578,977,553,66472);
INSERT INTO sales VALUES (773,392,531,73,-17521);
INSERT INTO sales VALUES (774,107,556,274,-80615);
INSERT INTO sales VALUES (775,101,178,741,-52409);
INSERT INTO sales VALUES (776,82,954,159,98843);
INSERT INTO sales VALUES (777,579,400,563,-11696);
INSERT INTO sales VALUES (778,985,211,918,23125);
INSERT INTO sales VALUES (779,384,850,713,31326);
INSERT INTO sales VALUES (780,339,153,899,89596);
INSERT INTO sales VALUES (781,714,382,548,-57806);
INSERT INTO sales VALUES (782,291,615,634,-70255);
INSERT INTO sales VALUES (783,930,893,167,87156);
INSERT INTO sales VALUES (784,181,929,9,15825);
INSERT INTO sales VALUES (785,423,612,285,-40668);
INSERT INTO sales VALUES (786,749,682,272,-80067);
INSERT INTO sales VALUES (787,475,564,724,75036);
INSERT INTO sales VALUES (788,244,170,909,74921);
INSERT INTO sales VALUES (789,503,103,824,82113);
INSERT INTO sales VALUES (790,936,635,764,-62136);
INSERT INTO sales VALUES (791,561,846,477,-99984);
INSERT INTO sales VALUES (792,117,211,403,-85889);
INSERT INTO sales VALUES (793,152,139,643,-76669);
INSERT INTO sales VALUES (794,273,510,888,93596);
INSERT INTO sales VALUES (795,421,397,268,-58522);
INSERT INTO sales VALUES (796,177,222,470,49896);
INSERT INTO sales VALUES (797,66,454,289,-89202);
INSERT INTO sales VALUES (798,128,707,776,43856);
INSERT INTO sales VALUES (799,267,788,423,-73224);
INSERT INTO sales VALUES (800,730,118,132,26311);
INSERT INTO sales VALUES (801,273,542,576,-48303);
INSERT INTO sales VALUES (802,988,787,786,97980);
INSERT INTO sales VALUES (803,398,620,943,-28994);
INSERT INTO sales VALUES (804,444,134,423,-22280);
INSERT INTO sales VALUES (805,406,592,78,25415);
INSERT INTO sales VALUES (806,394,345,980,-24990);
INSERT INTO sales VALUES (807,736,928,250,-51423);
INSERT INTO sales VALUES (808,276,228,312,7663);
INSERT INTO sales VALUES (809,972,760,34,72297);
INSERT INTO sales VALUES (810,565,873,100,83842);
INSERT INTO sales VALUES (811,862,688,522,-94400);
INSERT INTO sales VALUES (812,372,389,562,94428);
INSERT INTO sales VALUES (813,169,735,580,-25945);
INSERT INTO sales VALUES (814,892,450,546,-67350);
INSERT INTO sales VALUES (815,434,444,955,54717);
INSERT INTO sales VALUES (816,159,223,400,-37509);
INSERT INTO sales VALUES (817,599,146,358,31179);
INSERT INTO sales VALUES (818,558,555,366,-67811);
INSERT INTO sales VALUES (819,522,748,685,-59545);
INSERT INTO sales VALUES (820,220,970,28,-92402);
INSERT INTO sales VALUES (821,122,711,190,-35575);
INSERT INTO sales VALUES (822,278,122,183,57455);
INSERT INTO sales VALUES (823,461,955,335,74158);
INSERT INTO sales VALUES (824,875,210,742,69916);
INSERT INTO sales VALUES (825,726,304,409,-52675);
INSERT INTO sales VALUES (826,186,415,833,15164);
INSERT INTO sales VALUES (827,263,772,876,67112);
INSERT INTO sales VALUES (828,507,386,22,-60625);
INSERT INTO sales VALUES (829,763,159,953,-59381);
INSERT INTO sales VALUES (830,143,429,689,57396);
INSERT INTO sales VALUES (831,986,403,52,-81413);
INSERT INTO sales VALUES (832,123,614,506,-90314);
INSERT INTO sales VALUES (833,466,278,42,69807);
INSERT INTO sales VALUES (834,105,889,415,94949);
INSERT INTO sales VALUES (835,506,131,971,-33358);
INSERT INTO sales VALUES (836,209,613,76,6676);
INSERT INTO sales VALUES (837,989,453,594,-46948);
INSERT INTO sales VALUES (838,907,294,382,25158);
INSERT INTO sales VALUES (839,974,589,294,-44450);
INSERT INTO sales VALUES (840,213,287,936,47833);
INSERT INTO sales VALUES (841,279,151,110,50004);
INSERT INTO sales VALUES (842,972,128,539,-38491);
INSERT INTO sales VALUES (843,58,879,161,65435);
INSERT INTO sales VALUES (844,323,828,718,-66467);
INSERT INTO sales VALUES (845,133,968,651,22075);
INSERT INTO sales VALUES (846,850,342,455,22321);
INSERT INTO sales VALUES (847,139,801,210,-55394);
INSERT INTO sales VALUES (848,410,973,451,69445);
INSERT INTO sales VALUES (849,179,328,773,93793);
INSERT INTO sales VALUES (850,693,387,101,7711);
INSERT INTO sales VALUES (851,604,653,858,25315);
INSERT INTO sales VALUES (852,777,220,123,-48871);
INSERT INTO sales VALUES (853,486,852,978,9636);
INSERT INTO sales VALUES (854,4,487,131,-74800);
INSERT INTO sales VALUES (855,118,710,874,-41131);
INSERT INTO sales VALUES (856,548,876,660,10652);
INSERT INTO sales VALUES (857,638,200,439,37610);
INSERT INTO sales VALUES (858,738,719,922,-95332);
INSERT INTO sales VALUES (859,87,560,974,-4044);
INSERT INTO sales VALUES (860,555,573,823,83253);
INSERT INTO sales VALUES (861,667,792,957,28159);
INSERT INTO sales VALUES (862,809,510,448,93887);
INSERT INTO sales VALUES (863,325,950,472,-31158);
INSERT INTO sales VALUES (864,933,69,958,25371);
INSERT INTO sales VALUES (865,987,479,867,-28801);
INSERT INTO sales VALUES (866,572,888,322,-6291);
INSERT INTO sales VALUES (867,526,85,262,32983);
INSERT INTO sales VALUES (868,951,460,544,2985);
INSERT INTO sales VALUES (869,800,632,713,50575);
INSERT INTO sales VALUES (870,823,234,350,-68182);
INSERT INTO sales VALUES (871,343,895,828,-74891);
INSERT INTO sales VALUES (872,466,216,329,-81573);
INSERT INTO sales VALUES (873,403,219,789,18527);
INSERT INTO sales VALUES (874,3,32,741,83957);
INSERT INTO sales VALUES (875,195,908,139,-22379);
INSERT INTO sales VALUES (876,895,619,688,-35817);
INSERT INTO sales VALUES (877,315,261,117,-19046);
INSERT INTO sales VALUES (878,380,118,837,91218);
INSERT INTO sales VALUES (879,807,620,167,-86730);
INSERT INTO sales VALUES (880,316,374,754,-58679);
INSERT INTO sales VALUES (881,76,992,865,16972);
INSERT INTO sales VALUES (882,940,572,154,59358);
INSERT INTO sales VALUES (883,961,562,589,86868);
INSERT INTO sales VALUES (884,506,306,502,58834);
INSERT INTO sales VALUES (885,563,89,721,98761);
INSERT INTO sales VALUES (886,447,678,556,41685);
INSERT INTO sales VALUES (887,781,560,200,-3375);
INSERT INTO sales VALUES (888,197,392,615,-66490);
INSERT INTO sales VALUES (889,766,25,333,28158);
INSERT INTO sales VALUES (890,42,699,317,-21815);
INSERT INTO sales VALUES (891,336,713,521,33597);
INSERT INTO sales VALUES (892,967,777,585,-34411);
INSERT INTO sales VALUES (893,225,121,783,-72192);
INSERT INTO sales VALUES (894,882,236,694,93275);
INSERT INTO sales VALUES (895,843,491,91,43786);
INSERT INTO sales VALUES (896,887,591,590,40048);
INSERT INTO sales VALUES (897,165,964,675,55709);
INSERT INTO sales VALUES (898,624,336,920,46212);
INSERT INTO sales VALUES (899,982,68,850,-56698);
INSERT INTO sales VALUES (900,841,902,539,51784);
INSERT INTO sales VALUES (901,910,804,469,-86555);
INSERT INTO sales VALUES (902,495,552,181,-61144);
INSERT INTO sales VALUES (903,419,314,563,-29264);
INSERT INTO sales VALUES (904,839,833,206,-18266);
INSERT INTO sales VALUES (905,861,764,719,-92017);
INSERT INTO sales VALUES (906,776,489,387,9567);
INSERT INTO sales VALUES (907,102,142,950,38669);
INSERT INTO sales VALUES (908,975,869,906,85311);
INSERT INTO sales VALUES (909,813,559,648,1359);
INSERT INTO sales VALUES (910,585,974,786,78103);
INSERT INTO sales VALUES (911,955,695,468,38329);
INSERT INTO sales VALUES (912,577,533,42,19415);
INSERT INTO sales VALUES (913,845,40,325,-66622);
INSERT INTO sales VALUES (914,638,130,552,72216);
INSERT INTO sales VALUES (915,233,984,80,-82566);
INSERT INTO sales VALUES (916,641,493,852,-14849);
INSERT INTO sales VALUES (917,456,30,960,-60719);
INSERT INTO sales VALUES (918,949,360,402,-72367);
INSERT INTO sales VALUES (919,314,922,788,7375);
INSERT INTO sales VALUES (920,383,531,824,68877);
INSERT INTO sales VALUES (921,569,773,65,-927);
INSERT INTO sales VALUES (922,297,684,747,577);
INSERT INTO sales VALUES (923,968,478,997,86979);
INSERT INTO sales VALUES (924,282,576,720,-83991);
INSERT INTO sales VALUES (925,53,734,727,3626);
INSERT INTO sales VALUES (926,550,140,443,96562);
INSERT INTO sales VALUES (927,911,871,606,46110);
INSERT INTO sales VALUES (928,141,776,745,-46531);
INSERT INTO sales VALUES (929,984,206,369,-50172);
INSERT INTO sales VALUES (930,985,219,207,-79097);
INSERT INTO sales VALUES (931,489,312,930,34960);
INSERT INTO sales VALUES (932,168,310,46,-61751);
INSERT INTO sales VALUES (933,927,920,990,35721);
INSERT INTO sales VALUES (934,699,696,139,-48307);
INSERT INTO sales VALUES (935,810,907,93,12272);
INSERT INTO sales VALUES (936,843,68,236,43658);
INSERT INTO sales VALUES (937,630,337,289,93562);
INSERT INTO sales VALUES (938,952,195,950,-29753);
INSERT INTO sales VALUES (939,425,759,890,91927);
INSERT INTO sales VALUES (940,16,411,952,27112);
INSERT INTO sales VALUES (941,263,836,912,47046);
INSERT INTO sales VALUES (942,602,322,814,70207);
INSERT INTO sales VALUES (943,884,755,534,96474);
INSERT INTO sales VALUES (944,809,389,902,90431);
INSERT INTO sales VALUES (945,228,854,203,-48933);
INSERT INTO sales VALUES (946,364,966,631,-71278);
INSERT INTO sales VALUES (947,597,994,327,43349);
INSERT INTO sales VALUES (948,663,568,126,-90303);
INSERT INTO sales VALUES (949,17,583,181,31596);
INSERT INTO sales VALUES (950,435,160,540,-57588);
INSERT INTO sales VALUES (951,747,934,350,-80506);
INSERT INTO sales VALUES (952,391,903,681,54865);
INSERT INTO sales VALUES (953,380,261,391,-47453);
INSERT INTO sales VALUES (954,478,256,781,11099);
INSERT INTO sales VALUES (955,921,852,786,-55676);
INSERT INTO sales VALUES (956,137,671,90,-85118);
INSERT INTO sales VALUES (957,938,309,563,90044);
INSERT INTO sales VALUES (958,892,43,675,90523);
INSERT INTO sales VALUES (959,97,738,631,21563);
INSERT INTO sales VALUES (960,184,175,68,52329);
INSERT INTO sales VALUES (961,980,646,47,-24766);
INSERT INTO sales VALUES (962,747,769,705,44091);
INSERT INTO sales VALUES (963,221,479,943,22437);
INSERT INTO sales VALUES (964,887,674,879,90338);
INSERT INTO sales VALUES (965,265,842,838,-26520);
INSERT INTO sales VALUES (966,474,423,40,1333);
INSERT INTO sales VALUES (967,996,630,313,41179);
INSERT INTO sales VALUES (968,605,881,358,25499);
INSERT INTO sales VALUES (969,737,85,382,-52108);
INSERT INTO sales VALUES (970,739,230,655,-12894);
INSERT INTO sales VALUES (971,82,838,113,23850);
INSERT INTO sales VALUES (972,309,201,927,-72587);
INSERT INTO sales VALUES (973,318,815,633,53986);
INSERT INTO sales VALUES (974,679,527,946,-30797);
INSERT INTO sales VALUES (975,326,669,181,-41539);
INSERT INTO sales VALUES (976,458,557,888,45745);
INSERT INTO sales VALUES (977,747,169,55,-20074);
INSERT INTO sales VALUES (978,349,505,308,17531);
INSERT INTO sales VALUES (979,164,299,169,-25129);
INSERT INTO sales VALUES (980,600,202,805,66339);
INSERT INTO sales VALUES (981,409,644,12,-96588);
INSERT INTO sales VALUES (982,340,841,54,-52169);
INSERT INTO sales VALUES (983,516,792,368,49126);
INSERT INTO sales VALUES (984,506,76,957,13369);
INSERT INTO sales VALUES (985,337,481,442,-96807);
INSERT INTO sales VALUES (986,976,354,601,-31603);
INSERT INTO sales VALUES (987,6,877,382,12741);
INSERT INTO sales VALUES (988,281,38,513,49649);
INSERT INTO sales VALUES (989,572,2,844,65147);
INSERT INTO sales VALUES (990,467,675,107,-40208);
INSERT INTO sales VALUES (991,344,796,634,55990);
INSERT INTO sales VALUES (992,661,520,960,54567);
INSERT INTO sales VALUES (993,265,436,649,53681);
INSERT INTO sales VALUES (994,1,166,996,59098);
INSERT INTO sales VALUES (995,953,631,467,-1851);
INSERT INTO sales VALUES (996,757,776,937,-40587);
INSERT INTO sales VALUES (997,910,887,704,-81511);
INSERT INTO sales VALUES (998,266,899,393,-76634);
INSERT INTO sales VALUES (999,178,253,961,94708);
INSERT INTO sales VALUES (1000,603,315,10,-68442);
INSERT INTO sales VALUES (1001,679,430,256,69121);
INSERT INTO sales VALUES (1002,345,113,512,53607);
INSERT INTO sales VALUES (1003,875,592,460,83106);
INSERT INTO regions VALUES (1,'Indonesia',NULL);
INSERT INTO regions VALUES (2,'Portugal',NULL);
INSERT INTO regions VALUES (3,'Netherlands',NULL);
INSERT INTO regions VALUES (4,'Madagascar',NULL);
INSERT INTO regions VALUES (5,'Russia',NULL);
INSERT INTO regions VALUES (6,'Peru',NULL);
INSERT INTO regions VALUES (7,'Portugal',NULL);
INSERT INTO regions VALUES (8,'Yemen',NULL);
INSERT INTO regions VALUES (9,'United States',NULL);
INSERT INTO regions VALUES (10,'France',NULL);
INSERT INTO regions VALUES (11,'Cuba',NULL);
INSERT INTO regions VALUES (12,'Sweden',NULL);
INSERT INTO regions VALUES (13,'Sweden',NULL);
INSERT INTO regions VALUES (14,'Armenia',NULL);
INSERT INTO regions VALUES (15,'Brazil',NULL);
INSERT INTO regions VALUES (16,'Ivory Coast',NULL);
INSERT INTO regions VALUES (17,'Somalia',NULL);
INSERT INTO regions VALUES (18,'China',NULL);
INSERT INTO regions VALUES (19,'Malaysia',NULL);
INSERT INTO regions VALUES (20,'Indonesia',NULL);
INSERT INTO regions VALUES (21,'France',NULL);
INSERT INTO regions VALUES (22,'Philippines',NULL);
INSERT INTO regions VALUES (23,'Ukraine',NULL);
INSERT INTO regions VALUES (24,'United States',NULL);
INSERT INTO regions VALUES (25,'Botswana',NULL);
INSERT INTO regions VALUES (26,'Laos',NULL);
INSERT INTO regions VALUES (27,'United States',NULL);
INSERT INTO regions VALUES (28,'Madagascar',NULL);
INSERT INTO regions VALUES (29,'Ukraine',NULL);
INSERT INTO regions VALUES (30,'Ethiopia',NULL);
INSERT INTO regions VALUES (31,'China',NULL);
INSERT INTO regions VALUES (32,'Philippines',NULL);
INSERT INTO regions VALUES (33,'China',NULL);
INSERT INTO regions VALUES (34,'Nigeria',NULL);
INSERT INTO regions VALUES (35,'China',NULL);
INSERT INTO regions VALUES (36,'Israel',NULL);
INSERT INTO regions VALUES (37,'United States',NULL);
INSERT INTO regions VALUES (38,'Tunisia',NULL);
INSERT INTO regions VALUES (39,'China',NULL);
INSERT INTO regions VALUES (40,'Philippines',NULL);
INSERT INTO regions VALUES (41,'Brazil',NULL);
INSERT INTO regions VALUES (42,'Sweden',NULL);
INSERT INTO regions VALUES (43,'China',NULL);
INSERT INTO regions VALUES (44,'Russia',NULL);
INSERT INTO regions VALUES (45,'Afghanistan',NULL);
INSERT INTO regions VALUES (46,'Japan',NULL);
INSERT INTO regions VALUES (47,'France',NULL);
INSERT INTO regions VALUES (48,'Norway',NULL);
INSERT INTO regions VALUES (49,'Palestinian Territory',NULL);
INSERT INTO regions VALUES (50,'South Africa',NULL);
INSERT INTO regions VALUES (51,'Japan',NULL);
INSERT INTO regions VALUES (52,'Serbia',NULL);
INSERT INTO regions VALUES (53,'Peru',NULL);
INSERT INTO regions VALUES (54,'Nigeria',NULL);
INSERT INTO regions VALUES (55,'Hungary',NULL);
INSERT INTO regions VALUES (56,'Spain',NULL);
INSERT INTO regions VALUES (57,'Estonia',NULL);
INSERT INTO regions VALUES (58,'Venezuela',NULL);
INSERT INTO regions VALUES (59,'Nigeria',NULL);
INSERT INTO regions VALUES (60,'China',NULL);
INSERT INTO regions VALUES (61,'Thailand',NULL);
INSERT INTO regions VALUES (62,'Indonesia',NULL);
INSERT INTO regions VALUES (63,'Russia',NULL);
INSERT INTO regions VALUES (64,'Poland',NULL);
INSERT INTO regions VALUES (65,'Philippines',NULL);
INSERT INTO regions VALUES (66,'Indonesia',NULL);
INSERT INTO regions VALUES (67,'France',NULL);
INSERT INTO regions VALUES (68,'Guyana',NULL);
INSERT INTO regions VALUES (69,'Poland',NULL);
INSERT INTO regions VALUES (70,'China',NULL);
INSERT INTO regions VALUES (71,'Greece',NULL);
INSERT INTO regions VALUES (72,'Malaysia',NULL);
INSERT INTO regions VALUES (73,'Croatia',NULL);
INSERT INTO regions VALUES (74,'Mexico',NULL);
INSERT INTO regions VALUES (75,'Nepal',NULL);
INSERT INTO regions VALUES (76,'Peru',NULL);
INSERT INTO regions VALUES (77,'Mexico',NULL);
INSERT INTO regions VALUES (78,'Indonesia',NULL);
INSERT INTO regions VALUES (79,'China',NULL);
INSERT INTO regions VALUES (80,'Brazil',NULL);
INSERT INTO regions VALUES (81,'Czech Republic',NULL);
INSERT INTO regions VALUES (82,'Indonesia',NULL);
INSERT INTO regions VALUES (83,'Indonesia',NULL);
INSERT INTO regions VALUES (84,'Iraq',NULL);
INSERT INTO regions VALUES (85,'Poland',NULL);
INSERT INTO regions VALUES (86,'Greece',NULL);
INSERT INTO regions VALUES (87,'Russia',NULL);
INSERT INTO regions VALUES (88,'China',NULL);
INSERT INTO regions VALUES (89,'China',NULL);
INSERT INTO regions VALUES (90,'China',NULL);
INSERT INTO regions VALUES (91,'Poland',NULL);
INSERT INTO regions VALUES (92,'Tunisia',NULL);
INSERT INTO regions VALUES (93,'Russia',NULL);
INSERT INTO regions VALUES (94,'Ireland',NULL);
INSERT INTO regions VALUES (95,'China',NULL);
INSERT INTO regions VALUES (96,'Argentina',NULL);
INSERT INTO regions VALUES (97,'Papua New Guinea',NULL);
INSERT INTO regions VALUES (98,'Philippines',NULL);
INSERT INTO regions VALUES (99,'Brazil',NULL);
INSERT INTO regions VALUES (100,'United States',NULL);
INSERT INTO regions VALUES (101,'Brazil',NULL);
INSERT INTO regions VALUES (102,'Colombia',NULL);
INSERT INTO regions VALUES (103,'Brazil',NULL);
INSERT INTO regions VALUES (104,'Indonesia',NULL);
INSERT INTO regions VALUES (105,'Russia',NULL);
INSERT INTO regions VALUES (106,'Poland',NULL);
INSERT INTO regions VALUES (107,'United States',NULL);
INSERT INTO regions VALUES (108,'Japan',NULL);
INSERT INTO regions VALUES (109,'China',NULL);
INSERT INTO regions VALUES (110,'Philippines',NULL);
INSERT INTO regions VALUES (111,'China',NULL);
INSERT INTO regions VALUES (112,'China',NULL);
INSERT INTO regions VALUES (113,'Malawi',NULL);
INSERT INTO regions VALUES (114,'Ireland',NULL);
INSERT INTO regions VALUES (115,'Portugal',NULL);
INSERT INTO regions VALUES (116,'France',NULL);
INSERT INTO regions VALUES (117,'China',NULL);
INSERT INTO regions VALUES (118,'South Korea',NULL);
INSERT INTO regions VALUES (119,'Indonesia',NULL);
INSERT INTO regions VALUES (120,'China',NULL);
INSERT INTO regions VALUES (121,'Iraq',NULL);
INSERT INTO regions VALUES (122,'Kazakhstan',NULL);
INSERT INTO regions VALUES (123,'Russia',NULL);
INSERT INTO regions VALUES (124,'Slovenia',NULL);
INSERT INTO regions VALUES (125,'Argentina',NULL);
INSERT INTO regions VALUES (126,'Comoros',NULL);
INSERT INTO regions VALUES (127,'Kyrgyzstan',NULL);
INSERT INTO regions VALUES (128,'Portugal',NULL);
INSERT INTO regions VALUES (129,'Philippines',NULL);
INSERT INTO regions VALUES (130,'China',NULL);
INSERT INTO regions VALUES (131,'Thailand',NULL);
INSERT INTO regions VALUES (132,'Indonesia',NULL);
INSERT INTO regions VALUES (133,'Indonesia',NULL);
INSERT INTO regions VALUES (134,'Colombia',NULL);
INSERT INTO regions VALUES (135,'Portugal',NULL);
INSERT INTO regions VALUES (136,'United States',NULL);
INSERT INTO regions VALUES (137,'China',NULL);
INSERT INTO regions VALUES (138,'Bangladesh',NULL);
INSERT INTO regions VALUES (139,'Thailand',NULL);
INSERT INTO regions VALUES (140,'Armenia',NULL);
INSERT INTO regions VALUES (141,'Indonesia',NULL);
INSERT INTO regions VALUES (142,'Slovenia',NULL);
INSERT INTO regions VALUES (143,'Japan',NULL);
INSERT INTO regions VALUES (144,'United States',NULL);
INSERT INTO regions VALUES (145,'Poland',NULL);
INSERT INTO regions VALUES (146,'France',NULL);
INSERT INTO regions VALUES (147,'Japan',NULL);
INSERT INTO regions VALUES (148,'China',NULL);
INSERT INTO regions VALUES (149,'Mexico',NULL);
INSERT INTO regions VALUES (150,'China',NULL);
INSERT INTO regions VALUES (151,'China',NULL);
INSERT INTO regions VALUES (152,'Poland',NULL);
INSERT INTO regions VALUES (153,'Indonesia',NULL);
INSERT INTO regions VALUES (154,'Pakistan',NULL);
INSERT INTO regions VALUES (155,'Peru',NULL);
INSERT INTO regions VALUES (156,'Poland',NULL);
INSERT INTO regions VALUES (157,'Venezuela',NULL);
INSERT INTO regions VALUES (158,'Russia',NULL);
INSERT INTO regions VALUES (159,'Indonesia',NULL);
INSERT INTO regions VALUES (160,'Dominican Republic',NULL);
INSERT INTO regions VALUES (161,'China',NULL);
INSERT INTO regions VALUES (162,'Philippines',NULL);
INSERT INTO regions VALUES (163,'Indonesia',NULL);
INSERT INTO regions VALUES (164,'Liberia',NULL);
INSERT INTO regions VALUES (165,'China',NULL);
INSERT INTO regions VALUES (166,'Portugal',NULL);
INSERT INTO regions VALUES (167,'Indonesia',NULL);
INSERT INTO regions VALUES (168,'United States',NULL);
INSERT INTO regions VALUES (169,'Bulgaria',NULL);
INSERT INTO regions VALUES (170,'United States',NULL);
INSERT INTO regions VALUES (171,'Sweden',NULL);
INSERT INTO regions VALUES (172,'Colombia',NULL);
INSERT INTO regions VALUES (173,'Poland',NULL);
INSERT INTO regions VALUES (174,'Venezuela',NULL);
INSERT INTO regions VALUES (175,'United States',NULL);
INSERT INTO regions VALUES (176,'Portugal',NULL);
INSERT INTO regions VALUES (177,'Finland',NULL);
INSERT INTO regions VALUES (178,'China',NULL);
INSERT INTO regions VALUES (179,'Iran',NULL);
INSERT INTO regions VALUES (180,'Peru',NULL);
INSERT INTO regions VALUES (181,'Dominican Republic',NULL);
INSERT INTO regions VALUES (182,'Colombia',NULL);
INSERT INTO regions VALUES (183,'Sweden',NULL);
INSERT INTO regions VALUES (184,'China',NULL);
INSERT INTO regions VALUES (185,'Honduras',NULL);
INSERT INTO regions VALUES (186,'China',NULL);
INSERT INTO regions VALUES (187,'Indonesia',NULL);
INSERT INTO regions VALUES (188,'Philippines',NULL);
INSERT INTO regions VALUES (189,'United States',NULL);
INSERT INTO regions VALUES (190,'China',NULL);
INSERT INTO regions VALUES (191,'Portugal',NULL);
INSERT INTO regions VALUES (192,'France',NULL);
INSERT INTO regions VALUES (193,'Peru',NULL);
INSERT INTO regions VALUES (194,'Brazil',NULL);
INSERT INTO regions VALUES (195,'Brazil',NULL);
INSERT INTO regions VALUES (196,'North Korea',NULL);
INSERT INTO regions VALUES (197,'China',NULL);
INSERT INTO regions VALUES (198,'Russia',NULL);
INSERT INTO regions VALUES (199,'Russia',NULL);
INSERT INTO regions VALUES (200,'China',NULL);
INSERT INTO regions VALUES (201,'Indonesia',NULL);
INSERT INTO regions VALUES (202,'Palestinian Territory',NULL);
INSERT INTO regions VALUES (203,'Greenland',NULL);
INSERT INTO regions VALUES (204,'Indonesia',NULL);
INSERT INTO regions VALUES (205,'Indonesia',NULL);
INSERT INTO regions VALUES (206,'Portugal',NULL);
INSERT INTO regions VALUES (207,'France',NULL);
INSERT INTO regions VALUES (208,'Indonesia',NULL);
INSERT INTO regions VALUES (209,'Colombia',NULL);
INSERT INTO regions VALUES (210,'China',NULL);
INSERT INTO regions VALUES (211,'Sweden',NULL);
INSERT INTO regions VALUES (212,'Armenia',NULL);
INSERT INTO regions VALUES (213,'Japan',NULL);
INSERT INTO regions VALUES (214,'Indonesia',NULL);
INSERT INTO regions VALUES (215,'Brazil',NULL);
INSERT INTO regions VALUES (216,'Thailand',NULL);
INSERT INTO regions VALUES (217,'United Kingdom',NULL);
INSERT INTO regions VALUES (218,'Guyana',NULL);
INSERT INTO regions VALUES (219,'Serbia',NULL);
INSERT INTO regions VALUES (220,'Philippines',NULL);
INSERT INTO regions VALUES (221,'Kenya',NULL);
INSERT INTO regions VALUES (222,'Czech Republic',NULL);
INSERT INTO regions VALUES (223,'Poland',NULL);
INSERT INTO regions VALUES (224,'Russia',NULL);
INSERT INTO regions VALUES (225,'Ukraine',NULL);
INSERT INTO regions VALUES (226,'Indonesia',NULL);
INSERT INTO regions VALUES (227,'Indonesia',NULL);
INSERT INTO regions VALUES (228,'Democratic Republic of the Congo',NULL);
INSERT INTO regions VALUES (229,'Finland',NULL);
INSERT INTO regions VALUES (230,'Albania',NULL);
INSERT INTO regions VALUES (231,'Indonesia',NULL);
INSERT INTO regions VALUES (232,'China',NULL);
INSERT INTO regions VALUES (233,'China',NULL);
INSERT INTO regions VALUES (234,'Argentina',NULL);
INSERT INTO regions VALUES (235,'Philippines',NULL);
INSERT INTO regions VALUES (236,'Indonesia',NULL);
INSERT INTO regions VALUES (237,'China',NULL);
INSERT INTO regions VALUES (238,'Zimbabwe',NULL);
INSERT INTO regions VALUES (239,'France',NULL);
INSERT INTO regions VALUES (240,'Russia',NULL);
INSERT INTO regions VALUES (241,'France',NULL);
INSERT INTO regions VALUES (242,'Poland',NULL);
INSERT INTO regions VALUES (243,'China',NULL);
INSERT INTO regions VALUES (244,'Indonesia',NULL);
INSERT INTO regions VALUES (245,'France',NULL);
INSERT INTO regions VALUES (246,'Philippines',NULL);
INSERT INTO regions VALUES (247,'Malta',NULL);
INSERT INTO regions VALUES (248,'Latvia',NULL);
INSERT INTO regions VALUES (249,'Japan',NULL);
INSERT INTO regions VALUES (250,'France',NULL);
INSERT INTO regions VALUES (251,'Finland',NULL);
INSERT INTO regions VALUES (252,'South Africa',NULL);
INSERT INTO regions VALUES (253,'China',NULL);
INSERT INTO regions VALUES (254,'Ghana',NULL);
INSERT INTO regions VALUES (255,'Ukraine',NULL);
INSERT INTO regions VALUES (256,'Canada',NULL);
INSERT INTO regions VALUES (257,'Indonesia',NULL);
INSERT INTO regions VALUES (258,'Costa Rica',NULL);
INSERT INTO regions VALUES (259,'Israel',NULL);
INSERT INTO regions VALUES (260,'Indonesia',NULL);
INSERT INTO regions VALUES (261,'China',NULL);
INSERT INTO regions VALUES (262,'Togo',NULL);
INSERT INTO regions VALUES (263,'Cuba',NULL);
INSERT INTO regions VALUES (264,'Belarus',NULL);
INSERT INTO regions VALUES (265,'Peru',NULL);
INSERT INTO regions VALUES (266,'Cuba',NULL);
INSERT INTO regions VALUES (267,'Syria',NULL);
INSERT INTO regions VALUES (268,'Colombia',NULL);
INSERT INTO regions VALUES (269,'France',NULL);
INSERT INTO regions VALUES (270,'China',NULL);
INSERT INTO regions VALUES (271,'China',NULL);
INSERT INTO regions VALUES (272,'Portugal',NULL);
INSERT INTO regions VALUES (273,'Colombia',NULL);
INSERT INTO regions VALUES (274,'Indonesia',NULL);
INSERT INTO regions VALUES (275,'Greece',NULL);
INSERT INTO regions VALUES (276,'Kenya',NULL);
INSERT INTO regions VALUES (277,'Syria',NULL);
INSERT INTO regions VALUES (278,'Saudi Arabia',NULL);
INSERT INTO regions VALUES (279,'Indonesia',NULL);
INSERT INTO regions VALUES (280,'Portugal',NULL);
INSERT INTO regions VALUES (281,'Russia',NULL);
INSERT INTO regions VALUES (282,'China',NULL);
INSERT INTO regions VALUES (283,'Poland',NULL);
INSERT INTO regions VALUES (284,'China',NULL);
INSERT INTO regions VALUES (285,'Russia',NULL);
INSERT INTO regions VALUES (286,'Indonesia',NULL);
INSERT INTO regions VALUES (287,'Philippines',NULL);
INSERT INTO regions VALUES (288,'Indonesia',NULL);
INSERT INTO regions VALUES (289,'Greece',NULL);
INSERT INTO regions VALUES (290,'China',NULL);
INSERT INTO regions VALUES (291,'Indonesia',NULL);
INSERT INTO regions VALUES (292,'Japan',NULL);
INSERT INTO regions VALUES (293,'Canada',NULL);
INSERT INTO regions VALUES (294,'France',NULL);
INSERT INTO regions VALUES (295,'China',NULL);
INSERT INTO regions VALUES (296,'Russia',NULL);
INSERT INTO regions VALUES (297,'Bangladesh',NULL);
INSERT INTO regions VALUES (298,'South Korea',NULL);
INSERT INTO regions VALUES (299,'Uzbekistan',NULL);
INSERT INTO regions VALUES (300,'Philippines',NULL);
INSERT INTO regions VALUES (301,'Peru',NULL);
INSERT INTO regions VALUES (302,'Mexico',NULL);
INSERT INTO regions VALUES (303,'China',NULL);
INSERT INTO regions VALUES (304,'Palestinian Territory',NULL);
INSERT INTO regions VALUES (305,'Russia',NULL);
INSERT INTO regions VALUES (306,'Brazil',NULL);
INSERT INTO regions VALUES (307,'Indonesia',NULL);
INSERT INTO regions VALUES (308,'Indonesia',NULL);
INSERT INTO regions VALUES (309,'Myanmar',NULL);
INSERT INTO regions VALUES (310,'France',NULL);
INSERT INTO regions VALUES (311,'Saudi Arabia',NULL);
INSERT INTO regions VALUES (312,'Indonesia',NULL);
INSERT INTO regions VALUES (313,'United States',NULL);
INSERT INTO regions VALUES (314,'Kazakhstan',NULL);
INSERT INTO regions VALUES (315,'Venezuela',NULL);
INSERT INTO regions VALUES (316,'Pakistan',NULL);
INSERT INTO regions VALUES (317,'Czech Republic',NULL);
INSERT INTO regions VALUES (318,'China',NULL);
INSERT INTO regions VALUES (319,'Dominican Republic',NULL);
INSERT INTO regions VALUES (320,'China',NULL);
INSERT INTO regions VALUES (321,'Ivory Coast',NULL);
INSERT INTO regions VALUES (322,'United States',NULL);
INSERT INTO regions VALUES (323,'Indonesia',NULL);
INSERT INTO regions VALUES (324,'China',NULL);
INSERT INTO regions VALUES (325,'Vietnam',NULL);
INSERT INTO regions VALUES (326,'Indonesia',NULL);
INSERT INTO regions VALUES (327,'Indonesia',NULL);
INSERT INTO regions VALUES (328,'Indonesia',NULL);
INSERT INTO regions VALUES (329,'Uganda',NULL);
INSERT INTO regions VALUES (330,'Ireland',NULL);
INSERT INTO regions VALUES (331,'Spain',NULL);
INSERT INTO regions VALUES (332,'Poland',NULL);
INSERT INTO regions VALUES (333,'Indonesia',NULL);
INSERT INTO regions VALUES (334,'Colombia',NULL);
INSERT INTO regions VALUES (335,'Germany',NULL);
INSERT INTO regions VALUES (336,'Philippines',NULL);
INSERT INTO regions VALUES (337,'Republic of the Congo',NULL);
INSERT INTO regions VALUES (338,'Lithuania',NULL);
INSERT INTO regions VALUES (339,'Luxembourg',NULL);
INSERT INTO regions VALUES (340,'Philippines',NULL);
INSERT INTO regions VALUES (341,'Peru',NULL);
INSERT INTO regions VALUES (342,'Albania',NULL);
INSERT INTO regions VALUES (343,'Philippines',NULL);
INSERT INTO regions VALUES (344,'Indonesia',NULL);
INSERT INTO regions VALUES (345,'Indonesia',NULL);
INSERT INTO regions VALUES (346,'China',NULL);
INSERT INTO regions VALUES (347,'Greece',NULL);
INSERT INTO regions VALUES (348,'Poland',NULL);
INSERT INTO regions VALUES (349,'Portugal',NULL);
INSERT INTO regions VALUES (350,'Argentina',NULL);
INSERT INTO regions VALUES (351,'Sweden',NULL);
INSERT INTO regions VALUES (352,'China',NULL);
INSERT INTO regions VALUES (353,'Honduras',NULL);
INSERT INTO regions VALUES (354,'Philippines',NULL);
INSERT INTO regions VALUES (355,'China',NULL);
INSERT INTO regions VALUES (356,'Chile',NULL);
INSERT INTO regions VALUES (357,'Azerbaijan',NULL);
INSERT INTO regions VALUES (358,'China',NULL);
INSERT INTO regions VALUES (359,'France',NULL);
INSERT INTO regions VALUES (360,'Ethiopia',NULL);
INSERT INTO regions VALUES (361,'Indonesia',NULL);
INSERT INTO regions VALUES (362,'Brazil',NULL);
INSERT INTO regions VALUES (363,'Czech Republic',NULL);
INSERT INTO regions VALUES (364,'China',NULL);
INSERT INTO regions VALUES (365,'Brazil',NULL);
INSERT INTO regions VALUES (366,'Poland',NULL);
INSERT INTO regions VALUES (367,'China',NULL);
INSERT INTO regions VALUES (368,'Indonesia',NULL);
INSERT INTO regions VALUES (369,'Pakistan',NULL);
INSERT INTO regions VALUES (370,'Indonesia',NULL);
INSERT INTO regions VALUES (371,'Ireland',NULL);
INSERT INTO regions VALUES (372,'Colombia',NULL);
INSERT INTO regions VALUES (373,'Indonesia',NULL);
INSERT INTO regions VALUES (374,'Indonesia',NULL);
INSERT INTO regions VALUES (375,'Russia',NULL);
INSERT INTO regions VALUES (376,'Portugal',NULL);
INSERT INTO regions VALUES (377,'Ukraine',NULL);
INSERT INTO regions VALUES (378,'China',NULL);
INSERT INTO regions VALUES (379,'Poland',NULL);
INSERT INTO regions VALUES (380,'Poland',NULL);
INSERT INTO regions VALUES (381,'Portugal',NULL);
INSERT INTO regions VALUES (382,'China',NULL);
INSERT INTO regions VALUES (383,'Bahamas',NULL);
INSERT INTO regions VALUES (384,'Vietnam',NULL);
INSERT INTO regions VALUES (385,'Spain',NULL);
INSERT INTO regions VALUES (386,'Armenia',NULL);
INSERT INTO regions VALUES (387,'Guatemala',NULL);
INSERT INTO regions VALUES (388,'Philippines',NULL);
INSERT INTO regions VALUES (389,'Cuba',NULL);
INSERT INTO regions VALUES (390,'Russia',NULL);
INSERT INTO regions VALUES (391,'China',NULL);
INSERT INTO regions VALUES (392,'Thailand',NULL);
INSERT INTO regions VALUES (393,'China',NULL);
INSERT INTO regions VALUES (394,'Colombia',NULL);
INSERT INTO regions VALUES (395,'China',NULL);
INSERT INTO regions VALUES (396,'Canada',NULL);
INSERT INTO regions VALUES (397,'Thailand',NULL);
INSERT INTO regions VALUES (398,'Argentina',NULL);
INSERT INTO regions VALUES (399,'Philippines',NULL);
INSERT INTO regions VALUES (400,'Uganda',NULL);
INSERT INTO regions VALUES (401,'Thailand',NULL);
INSERT INTO regions VALUES (402,'Indonesia',NULL);
INSERT INTO regions VALUES (403,'Cameroon',NULL);
INSERT INTO regions VALUES (404,'Russia',NULL);
INSERT INTO regions VALUES (405,'China',NULL);
INSERT INTO regions VALUES (406,'Indonesia',NULL);
INSERT INTO regions VALUES (407,'Vietnam',NULL);
INSERT INTO regions VALUES (408,'United States',NULL);
INSERT INTO regions VALUES (409,'Philippines',NULL);
INSERT INTO regions VALUES (410,'South Korea',NULL);
INSERT INTO regions VALUES (411,'Serbia',NULL);
INSERT INTO regions VALUES (412,'China',NULL);
INSERT INTO regions VALUES (413,'Canada',NULL);
INSERT INTO regions VALUES (414,'China',NULL);
INSERT INTO regions VALUES (415,'China',NULL);
INSERT INTO regions VALUES (416,'Portugal',NULL);
INSERT INTO regions VALUES (417,'Colombia',NULL);
INSERT INTO regions VALUES (418,'Venezuela',NULL);
INSERT INTO regions VALUES (419,'Philippines',NULL);
INSERT INTO regions VALUES (420,'Bangladesh',NULL);
INSERT INTO regions VALUES (421,'China',NULL);
INSERT INTO regions VALUES (422,'Chile',NULL);
INSERT INTO regions VALUES (423,'Honduras',NULL);
INSERT INTO regions VALUES (424,'Indonesia',NULL);
INSERT INTO regions VALUES (425,'Indonesia',NULL);
INSERT INTO regions VALUES (426,'France',NULL);
INSERT INTO regions VALUES (427,'China',NULL);
INSERT INTO regions VALUES (428,'China',NULL);
INSERT INTO regions VALUES (429,'Thailand',NULL);
INSERT INTO regions VALUES (430,'Egypt',NULL);
INSERT INTO regions VALUES (431,'Indonesia',NULL);
INSERT INTO regions VALUES (432,'Kenya',NULL);
INSERT INTO regions VALUES (433,'France',NULL);
INSERT INTO regions VALUES (434,'China',NULL);
INSERT INTO regions VALUES (435,'China',NULL);
INSERT INTO regions VALUES (436,'Ecuador',NULL);
INSERT INTO regions VALUES (437,'Indonesia',NULL);
INSERT INTO regions VALUES (438,'China',NULL);
INSERT INTO regions VALUES (439,'Sweden',NULL);
INSERT INTO regions VALUES (440,'Portugal',NULL);
INSERT INTO regions VALUES (441,'Thailand',NULL);
INSERT INTO regions VALUES (442,'Egypt',NULL);
INSERT INTO regions VALUES (443,'Japan',NULL);
INSERT INTO regions VALUES (444,'France',NULL);
INSERT INTO regions VALUES (445,'Poland',NULL);
INSERT INTO regions VALUES (446,'Afghanistan',NULL);
INSERT INTO regions VALUES (447,'Mali',NULL);
INSERT INTO regions VALUES (448,'South Korea',NULL);
INSERT INTO regions VALUES (449,'Russia',NULL);
INSERT INTO regions VALUES (450,'Sweden',NULL);
INSERT INTO regions VALUES (451,'Indonesia',NULL);
INSERT INTO regions VALUES (452,'Indonesia',NULL);
INSERT INTO regions VALUES (453,'Mauritius',NULL);
INSERT INTO regions VALUES (454,'Poland',NULL);
INSERT INTO regions VALUES (455,'China',NULL);
INSERT INTO regions VALUES (456,'Canada',NULL);
INSERT INTO regions VALUES (457,'France',NULL);
INSERT INTO regions VALUES (458,'Netherlands',NULL);
INSERT INTO regions VALUES (459,'Chile',NULL);
INSERT INTO regions VALUES (460,'Indonesia',NULL);
INSERT INTO regions VALUES (461,'Colombia',NULL);
INSERT INTO regions VALUES (462,'Sweden',NULL);
INSERT INTO regions VALUES (463,'Spain',NULL);
INSERT INTO regions VALUES (464,'Syria',NULL);
INSERT INTO regions VALUES (465,'Philippines',NULL);
INSERT INTO regions VALUES (466,'China',NULL);
INSERT INTO regions VALUES (467,'Afghanistan',NULL);
INSERT INTO regions VALUES (468,'Burkina Faso',NULL);
INSERT INTO regions VALUES (469,'China',NULL);
INSERT INTO regions VALUES (470,'Guinea',NULL);
INSERT INTO regions VALUES (471,'Laos',NULL);
INSERT INTO regions VALUES (472,'France',NULL);
INSERT INTO regions VALUES (473,'Russia',NULL);
INSERT INTO regions VALUES (474,'Philippines',NULL);
INSERT INTO regions VALUES (475,'Colombia',NULL);
INSERT INTO regions VALUES (476,'Colombia',NULL);
INSERT INTO regions VALUES (477,'Russia',NULL);
INSERT INTO regions VALUES (478,'China',NULL);
INSERT INTO regions VALUES (479,'Albania',NULL);
INSERT INTO regions VALUES (480,'Togo',NULL);
INSERT INTO regions VALUES (481,'Philippines',NULL);
INSERT INTO regions VALUES (482,'Greece',NULL);
INSERT INTO regions VALUES (483,'China',NULL);
INSERT INTO regions VALUES (484,'France',NULL);
INSERT INTO regions VALUES (485,'China',NULL);
INSERT INTO regions VALUES (486,'Brazil',NULL);
INSERT INTO regions VALUES (487,'China',NULL);
INSERT INTO regions VALUES (488,'Albania',NULL);
INSERT INTO regions VALUES (489,'Indonesia',NULL);
INSERT INTO regions VALUES (490,'Indonesia',NULL);
INSERT INTO regions VALUES (491,'France',NULL);
INSERT INTO regions VALUES (492,'United States',NULL);
INSERT INTO regions VALUES (493,'Afghanistan',NULL);
INSERT INTO regions VALUES (494,'China',NULL);
INSERT INTO regions VALUES (495,'Saudi Arabia',NULL);
INSERT INTO regions VALUES (496,'Russia',NULL);
INSERT INTO regions VALUES (497,'Vietnam',NULL);
INSERT INTO regions VALUES (498,'Brazil',NULL);
INSERT INTO regions VALUES (499,'Russia',NULL);
INSERT INTO regions VALUES (500,'Thailand',NULL);
INSERT INTO regions VALUES (501,'Mali',NULL);
INSERT INTO regions VALUES (502,'France',NULL);
INSERT INTO regions VALUES (503,'Russia',NULL);
INSERT INTO regions VALUES (504,'Slovenia',NULL);
INSERT INTO regions VALUES (505,'China',NULL);
INSERT INTO regions VALUES (506,'Nigeria',NULL);
INSERT INTO regions VALUES (507,'Indonesia',NULL);
INSERT INTO regions VALUES (508,'Tunisia',NULL);
INSERT INTO regions VALUES (509,'Indonesia',NULL);
INSERT INTO regions VALUES (510,'Colombia',NULL);
INSERT INTO regions VALUES (511,'Afghanistan',NULL);
INSERT INTO regions VALUES (512,'Iran',NULL);
INSERT INTO regions VALUES (513,'China',NULL);
INSERT INTO regions VALUES (514,'Ukraine',NULL);
INSERT INTO regions VALUES (515,'Comoros',NULL);
INSERT INTO regions VALUES (516,'China',NULL);
INSERT INTO regions VALUES (517,'Portugal',NULL);
INSERT INTO regions VALUES (518,'Poland',NULL);
INSERT INTO regions VALUES (519,'Portugal',NULL);
INSERT INTO regions VALUES (520,'Ukraine',NULL);
INSERT INTO regions VALUES (521,'France',NULL);
INSERT INTO regions VALUES (522,'Indonesia',NULL);
INSERT INTO regions VALUES (523,'Philippines',NULL);
INSERT INTO regions VALUES (524,'Brazil',NULL);
INSERT INTO regions VALUES (525,'Russia',NULL);
INSERT INTO regions VALUES (526,'Ecuador',NULL);
INSERT INTO regions VALUES (527,'Somalia',NULL);
INSERT INTO regions VALUES (528,'Pakistan',NULL);
INSERT INTO regions VALUES (529,'Malawi',NULL);
INSERT INTO regions VALUES (530,'Poland',NULL);
INSERT INTO regions VALUES (531,'Poland',NULL);
INSERT INTO regions VALUES (532,'Russia',NULL);
INSERT INTO regions VALUES (533,'United States',NULL);
INSERT INTO regions VALUES (534,'Russia',NULL);
INSERT INTO regions VALUES (535,'Norway',NULL);
INSERT INTO regions VALUES (536,'Indonesia',NULL);
INSERT INTO regions VALUES (537,'Indonesia',NULL);
INSERT INTO regions VALUES (538,'Russia',NULL);
INSERT INTO regions VALUES (539,'China',NULL);
INSERT INTO regions VALUES (540,'Belarus',NULL);
INSERT INTO regions VALUES (541,'France',NULL);
INSERT INTO regions VALUES (542,'Madagascar',NULL);
INSERT INTO regions VALUES (543,'Indonesia',NULL);
INSERT INTO regions VALUES (544,'Portugal',NULL);
INSERT INTO regions VALUES (545,'Mongolia',NULL);
INSERT INTO regions VALUES (546,'United States',NULL);
INSERT INTO regions VALUES (547,'Argentina',NULL);
INSERT INTO regions VALUES (548,'Ukraine',NULL);
INSERT INTO regions VALUES (549,'Honduras',NULL);
INSERT INTO regions VALUES (550,'Palestinian Territory',NULL);
INSERT INTO regions VALUES (551,'Gabon',NULL);
INSERT INTO regions VALUES (552,'Russia',NULL);
INSERT INTO regions VALUES (553,'Tanzania',NULL);
INSERT INTO regions VALUES (554,'Argentina',NULL);
INSERT INTO regions VALUES (555,'Indonesia',NULL);
INSERT INTO regions VALUES (556,'Sierra Leone',NULL);
INSERT INTO regions VALUES (557,'Philippines',NULL);
INSERT INTO regions VALUES (558,'Ethiopia',NULL);
INSERT INTO regions VALUES (559,'Portugal',NULL);
INSERT INTO regions VALUES (560,'United States',NULL);
INSERT INTO regions VALUES (561,'China',NULL);
INSERT INTO regions VALUES (562,'United States',NULL);
INSERT INTO regions VALUES (563,'Georgia',NULL);
INSERT INTO regions VALUES (564,'Micronesia',NULL);
INSERT INTO regions VALUES (565,'United States',NULL);
INSERT INTO regions VALUES (566,'Philippines',NULL);
INSERT INTO regions VALUES (567,'Russia',NULL);
INSERT INTO regions VALUES (568,'Russia',NULL);
INSERT INTO regions VALUES (569,'China',NULL);
INSERT INTO regions VALUES (570,'France',NULL);
INSERT INTO regions VALUES (571,'Sweden',NULL);
INSERT INTO regions VALUES (572,'Vietnam',NULL);
INSERT INTO regions VALUES (573,'Philippines',NULL);
INSERT INTO regions VALUES (574,'Venezuela',NULL);
INSERT INTO regions VALUES (575,'Ireland',NULL);
INSERT INTO regions VALUES (576,'Indonesia',NULL);
INSERT INTO regions VALUES (577,'Tunisia',NULL);
INSERT INTO regions VALUES (578,'China',NULL);
INSERT INTO regions VALUES (579,'China',NULL);
INSERT INTO regions VALUES (580,'Argentina',NULL);
INSERT INTO regions VALUES (581,'Philippines',NULL);
INSERT INTO regions VALUES (582,'Russia',NULL);
INSERT INTO regions VALUES (583,'China',NULL);
INSERT INTO regions VALUES (584,'Azerbaijan',NULL);
INSERT INTO regions VALUES (585,'China',NULL);
INSERT INTO regions VALUES (586,'China',NULL);
INSERT INTO regions VALUES (587,'Indonesia',NULL);
INSERT INTO regions VALUES (588,'Nigeria',NULL);
INSERT INTO regions VALUES (589,'Poland',NULL);
INSERT INTO regions VALUES (590,'Russia',NULL);
INSERT INTO regions VALUES (591,'Mongolia',NULL);
INSERT INTO regions VALUES (592,'China',NULL);
INSERT INTO regions VALUES (593,'Brazil',NULL);
INSERT INTO regions VALUES (594,'China',NULL);
INSERT INTO regions VALUES (595,'Portugal',NULL);
INSERT INTO regions VALUES (596,'Ukraine',NULL);
INSERT INTO regions VALUES (597,'Portugal',NULL);
INSERT INTO regions VALUES (598,'Ivory Coast',NULL);
INSERT INTO regions VALUES (599,'China',NULL);
INSERT INTO regions VALUES (600,'South Korea',NULL);
INSERT INTO regions VALUES (601,'Brazil',NULL);
INSERT INTO regions VALUES (602,'Iran',NULL);
INSERT INTO regions VALUES (603,'Ukraine',NULL);
INSERT INTO regions VALUES (604,'China',NULL);
INSERT INTO regions VALUES (605,'France',NULL);
INSERT INTO regions VALUES (606,'China',NULL);
INSERT INTO regions VALUES (607,'Canada',NULL);
INSERT INTO regions VALUES (608,'Russia',NULL);
INSERT INTO regions VALUES (609,'Russia',NULL);
INSERT INTO regions VALUES (610,'Dominican Republic',NULL);
INSERT INTO regions VALUES (611,'China',NULL);
INSERT INTO regions VALUES (612,'China',NULL);
INSERT INTO regions VALUES (613,'China',NULL);
INSERT INTO regions VALUES (614,'Ireland',NULL);
INSERT INTO regions VALUES (615,'Honduras',NULL);
INSERT INTO regions VALUES (616,'Sweden',NULL);
INSERT INTO regions VALUES (617,'Indonesia',NULL);
INSERT INTO regions VALUES (618,'Sweden',NULL);
INSERT INTO regions VALUES (619,'China',NULL);
INSERT INTO regions VALUES (620,'South Africa',NULL);
INSERT INTO regions VALUES (621,'Brazil',NULL);
INSERT INTO regions VALUES (622,'Poland',NULL);
INSERT INTO regions VALUES (623,'Croatia',NULL);
INSERT INTO regions VALUES (624,'Saudi Arabia',NULL);
INSERT INTO regions VALUES (625,'China',NULL);
INSERT INTO regions VALUES (626,'Libya',NULL);
INSERT INTO regions VALUES (627,'Indonesia',NULL);
INSERT INTO regions VALUES (628,'Malaysia',NULL);
INSERT INTO regions VALUES (629,'Costa Rica',NULL);
INSERT INTO regions VALUES (630,'Eritrea',NULL);
INSERT INTO regions VALUES (631,'Philippines',NULL);
INSERT INTO regions VALUES (632,'Sweden',NULL);
INSERT INTO regions VALUES (633,'Mexico',NULL);
INSERT INTO regions VALUES (634,'France',NULL);
INSERT INTO regions VALUES (635,'Indonesia',NULL);
INSERT INTO regions VALUES (636,'Thailand',NULL);
INSERT INTO regions VALUES (637,'Czech Republic',NULL);
INSERT INTO regions VALUES (638,'China',NULL);
INSERT INTO regions VALUES (639,'Argentina',NULL);
INSERT INTO regions VALUES (640,'Morocco',NULL);
INSERT INTO regions VALUES (641,'Sweden',NULL);
INSERT INTO regions VALUES (642,'Russia',NULL);
INSERT INTO regions VALUES (643,'Vietnam',NULL);
INSERT INTO regions VALUES (644,'Russia',NULL);
INSERT INTO regions VALUES (645,'Russia',NULL);
INSERT INTO regions VALUES (646,'China',NULL);
INSERT INTO regions VALUES (647,'Benin',NULL);
INSERT INTO regions VALUES (648,'Tajikistan',NULL);
INSERT INTO regions VALUES (649,'China',NULL);
INSERT INTO regions VALUES (650,'Colombia',NULL);
INSERT INTO regions VALUES (651,'Philippines',NULL);
INSERT INTO regions VALUES (652,'Poland',NULL);
INSERT INTO regions VALUES (653,'Portugal',NULL);
INSERT INTO regions VALUES (654,'Sweden',NULL);
INSERT INTO regions VALUES (655,'Colombia',NULL);
INSERT INTO regions VALUES (656,'Iran',NULL);
INSERT INTO regions VALUES (657,'Japan',NULL);
INSERT INTO regions VALUES (658,'France',NULL);
INSERT INTO regions VALUES (659,'China',NULL);
INSERT INTO regions VALUES (660,'Israel',NULL);
INSERT INTO regions VALUES (661,'China',NULL);
INSERT INTO regions VALUES (662,'France',NULL);
INSERT INTO regions VALUES (663,'Brazil',NULL);
INSERT INTO regions VALUES (664,'Poland',NULL);
INSERT INTO regions VALUES (665,'China',NULL);
INSERT INTO regions VALUES (666,'China',NULL);
INSERT INTO regions VALUES (667,'China',NULL);
INSERT INTO regions VALUES (668,'Indonesia',NULL);
INSERT INTO regions VALUES (669,'Finland',NULL);
INSERT INTO regions VALUES (670,'Colombia',NULL);
INSERT INTO regions VALUES (671,'South Africa',NULL);
INSERT INTO regions VALUES (672,'Lithuania',NULL);
INSERT INTO regions VALUES (673,'Cameroon',NULL);
INSERT INTO regions VALUES (674,'Indonesia',NULL);
INSERT INTO regions VALUES (675,'Spain',NULL);
INSERT INTO regions VALUES (676,'Indonesia',NULL);
INSERT INTO regions VALUES (677,'Russia',NULL);
INSERT INTO regions VALUES (678,'Poland',NULL);
INSERT INTO regions VALUES (679,'United States',NULL);
INSERT INTO regions VALUES (680,'China',NULL);
INSERT INTO regions VALUES (681,'Nicaragua',NULL);
INSERT INTO regions VALUES (682,'Malaysia',NULL);
INSERT INTO regions VALUES (683,'Indonesia',NULL);
INSERT INTO regions VALUES (684,'Philippines',NULL);
INSERT INTO regions VALUES (685,'Colombia',NULL);
INSERT INTO regions VALUES (686,'Indonesia',NULL);
INSERT INTO regions VALUES (687,'Indonesia',NULL);
INSERT INTO regions VALUES (688,'Indonesia',NULL);
INSERT INTO regions VALUES (689,'China',NULL);
INSERT INTO regions VALUES (690,'Bulgaria',NULL);
INSERT INTO regions VALUES (691,'Portugal',NULL);
INSERT INTO regions VALUES (692,'Czech Republic',NULL);
INSERT INTO regions VALUES (693,'Haiti',NULL);
INSERT INTO regions VALUES (694,'Argentina',NULL);
INSERT INTO regions VALUES (695,'France',NULL);
INSERT INTO regions VALUES (696,'Poland',NULL);
INSERT INTO regions VALUES (697,'Indonesia',NULL);
INSERT INTO regions VALUES (698,'Greece',NULL);
INSERT INTO regions VALUES (699,'Colombia',NULL);
INSERT INTO regions VALUES (700,'Faroe Islands',NULL);
INSERT INTO regions VALUES (701,'Slovenia',NULL);
INSERT INTO regions VALUES (702,'China',NULL);
INSERT INTO regions VALUES (703,'Morocco',NULL);
INSERT INTO regions VALUES (704,'Indonesia',NULL);
INSERT INTO regions VALUES (705,'Cameroon',NULL);
INSERT INTO regions VALUES (706,'South Korea',NULL);
INSERT INTO regions VALUES (707,'Indonesia',NULL);
INSERT INTO regions VALUES (708,'Kazakhstan',NULL);
INSERT INTO regions VALUES (709,'China',NULL);
INSERT INTO regions VALUES (710,'Bolivia',NULL);
INSERT INTO regions VALUES (711,'Indonesia',NULL);
INSERT INTO regions VALUES (712,'Spain',NULL);
INSERT INTO regions VALUES (713,'Argentina',NULL);
INSERT INTO regions VALUES (714,'China',NULL);
INSERT INTO regions VALUES (715,'Colombia',NULL);
INSERT INTO regions VALUES (716,'Thailand',NULL);
INSERT INTO regions VALUES (717,'Philippines',NULL);
INSERT INTO regions VALUES (718,'China',NULL);
INSERT INTO regions VALUES (719,'Mauritius',NULL);
INSERT INTO regions VALUES (720,'Indonesia',NULL);
INSERT INTO regions VALUES (721,'Switzerland',NULL);
INSERT INTO regions VALUES (722,'Russia',NULL);
INSERT INTO regions VALUES (723,'France',NULL);
INSERT INTO regions VALUES (724,'Poland',NULL);
INSERT INTO regions VALUES (725,'Indonesia',NULL);
INSERT INTO regions VALUES (726,'China',NULL);
INSERT INTO regions VALUES (727,'Canada',NULL);
INSERT INTO regions VALUES (728,'China',NULL);
INSERT INTO regions VALUES (729,'China',NULL);
INSERT INTO regions VALUES (730,'Japan',NULL);
INSERT INTO regions VALUES (731,'United States',NULL);
INSERT INTO regions VALUES (732,'Mongolia',NULL);
INSERT INTO regions VALUES (733,'Russia',NULL);
INSERT INTO regions VALUES (734,'Honduras',NULL);
INSERT INTO regions VALUES (735,'Russia',NULL);
INSERT INTO regions VALUES (736,'Russia',NULL);
INSERT INTO regions VALUES (737,'Honduras',NULL);
INSERT INTO regions VALUES (738,'Mali',NULL);
INSERT INTO regions VALUES (739,'Portugal',NULL);
INSERT INTO regions VALUES (740,'Nigeria',NULL);
INSERT INTO regions VALUES (741,'Finland',NULL);
INSERT INTO regions VALUES (742,'China',NULL);
INSERT INTO regions VALUES (743,'China',NULL);
INSERT INTO regions VALUES (744,'Indonesia',NULL);
INSERT INTO regions VALUES (745,'Indonesia',NULL);
INSERT INTO regions VALUES (746,'Iran',NULL);
INSERT INTO regions VALUES (747,'Cyprus',NULL);
INSERT INTO regions VALUES (748,'China',NULL);
INSERT INTO regions VALUES (749,'Croatia',NULL);
INSERT INTO regions VALUES (750,'Ukraine',NULL);
INSERT INTO regions VALUES (751,'Spain',NULL);
INSERT INTO regions VALUES (752,'Portugal',NULL);
INSERT INTO regions VALUES (753,'Cuba',NULL);
INSERT INTO regions VALUES (754,'Philippines',NULL);
INSERT INTO regions VALUES (755,'Czech Republic',NULL);
INSERT INTO regions VALUES (756,'Ethiopia',NULL);
INSERT INTO regions VALUES (757,'Brazil',NULL);
INSERT INTO regions VALUES (758,'Russia',NULL);
INSERT INTO regions VALUES (759,'Colombia',NULL);
INSERT INTO regions VALUES (760,'Botswana',NULL);
INSERT INTO regions VALUES (761,'Portugal',NULL);
INSERT INTO regions VALUES (762,'China',NULL);
INSERT INTO regions VALUES (763,'Sweden',NULL);
INSERT INTO regions VALUES (764,'China',NULL);
INSERT INTO regions VALUES (765,'Thailand',NULL);
INSERT INTO regions VALUES (766,'Belarus',NULL);
INSERT INTO regions VALUES (767,'Morocco',NULL);
INSERT INTO regions VALUES (768,'Indonesia',NULL);
INSERT INTO regions VALUES (769,'Sweden',NULL);
INSERT INTO regions VALUES (770,'Iraq',NULL);
INSERT INTO regions VALUES (771,'Russia',NULL);
INSERT INTO regions VALUES (772,'Palestinian Territory',NULL);
INSERT INTO regions VALUES (773,'Vietnam',NULL);
INSERT INTO regions VALUES (774,'Mexico',NULL);
INSERT INTO regions VALUES (775,'China',NULL);
INSERT INTO regions VALUES (776,'Tanzania',NULL);
INSERT INTO regions VALUES (777,'Indonesia',NULL);
INSERT INTO regions VALUES (778,'Palestinian Territory',NULL);
INSERT INTO regions VALUES (779,'Czech Republic',NULL);
INSERT INTO regions VALUES (780,'China',NULL);
INSERT INTO regions VALUES (781,'China',NULL);
INSERT INTO regions VALUES (782,'Peru',NULL);
INSERT INTO regions VALUES (783,'Mexico',NULL);
INSERT INTO regions VALUES (784,'China',NULL);
INSERT INTO regions VALUES (785,'Poland',NULL);
INSERT INTO regions VALUES (786,'Philippines',NULL);
INSERT INTO regions VALUES (787,'Chile',NULL);
INSERT INTO regions VALUES (788,'Indonesia',NULL);
INSERT INTO regions VALUES (789,'Norway',NULL);
INSERT INTO regions VALUES (790,'Kazakhstan',NULL);
INSERT INTO regions VALUES (791,'Indonesia',NULL);
INSERT INTO regions VALUES (792,'Liberia',NULL);
INSERT INTO regions VALUES (793,'Argentina',NULL);
INSERT INTO regions VALUES (794,'Peru',NULL);
INSERT INTO regions VALUES (795,'France',NULL);
INSERT INTO regions VALUES (796,'Croatia',NULL);
INSERT INTO regions VALUES (797,'China',NULL);
INSERT INTO regions VALUES (798,'Armenia',NULL);
INSERT INTO regions VALUES (799,'Portugal',NULL);
INSERT INTO regions VALUES (800,'Sweden',NULL);
INSERT INTO regions VALUES (801,'Palestinian Territory',NULL);
INSERT INTO regions VALUES (802,'Philippines',NULL);
INSERT INTO regions VALUES (803,'Ukraine',NULL);
INSERT INTO regions VALUES (804,'United States',NULL);
INSERT INTO regions VALUES (805,'Denmark',NULL);
INSERT INTO regions VALUES (806,'Indonesia',NULL);
INSERT INTO regions VALUES (807,'Norway',NULL);
INSERT INTO regions VALUES (808,'Indonesia',NULL);
INSERT INTO regions VALUES (809,'Poland',NULL);
INSERT INTO regions VALUES (810,'China',NULL);
INSERT INTO regions VALUES (811,'Zambia',NULL);
INSERT INTO regions VALUES (812,'Greece',NULL);
INSERT INTO regions VALUES (813,'Brazil',NULL);
INSERT INTO regions VALUES (814,'Brazil',NULL);
INSERT INTO regions VALUES (815,'Poland',NULL);
INSERT INTO regions VALUES (816,'China',NULL);
INSERT INTO regions VALUES (817,'Indonesia',NULL);
INSERT INTO regions VALUES (818,'Russia',NULL);
INSERT INTO regions VALUES (819,'Indonesia',NULL);
INSERT INTO regions VALUES (820,'Australia',NULL);
INSERT INTO regions VALUES (821,'Comoros',NULL);
INSERT INTO regions VALUES (822,'Peru',NULL);
INSERT INTO regions VALUES (823,'Indonesia',NULL);
INSERT INTO regions VALUES (824,'Norway',NULL);
INSERT INTO regions VALUES (825,'China',NULL);
INSERT INTO regions VALUES (826,'Belarus',NULL);
INSERT INTO regions VALUES (827,'United States',NULL);
INSERT INTO regions VALUES (828,'Indonesia',NULL);
INSERT INTO regions VALUES (829,'China',NULL);
INSERT INTO regions VALUES (830,'Argentina',NULL);
INSERT INTO regions VALUES (831,'Sweden',NULL);
INSERT INTO regions VALUES (832,'Turkmenistan',NULL);
INSERT INTO regions VALUES (833,'China',NULL);
INSERT INTO regions VALUES (834,'Russia',NULL);
INSERT INTO regions VALUES (835,'Greece',NULL);
INSERT INTO regions VALUES (836,'Russia',NULL);
INSERT INTO regions VALUES (837,'Uganda',NULL);
INSERT INTO regions VALUES (838,'China',NULL);
INSERT INTO regions VALUES (839,'Russia',NULL);
INSERT INTO regions VALUES (840,'Poland',NULL);
INSERT INTO regions VALUES (841,'Brazil',NULL);
INSERT INTO regions VALUES (842,'Brazil',NULL);
INSERT INTO regions VALUES (843,'China',NULL);
INSERT INTO regions VALUES (844,'Russia',NULL);
INSERT INTO regions VALUES (845,'Argentina',NULL);
INSERT INTO regions VALUES (846,'China',NULL);
INSERT INTO regions VALUES (847,'China',NULL);
INSERT INTO regions VALUES (848,'Russia',NULL);
INSERT INTO regions VALUES (849,'Croatia',NULL);
INSERT INTO regions VALUES (850,'United States',NULL);
INSERT INTO regions VALUES (851,'Albania',NULL);
INSERT INTO regions VALUES (852,'Czech Republic',NULL);
INSERT INTO regions VALUES (853,'Maldives',NULL);
INSERT INTO regions VALUES (854,'Brazil',NULL);
INSERT INTO regions VALUES (855,'Poland',NULL);
INSERT INTO regions VALUES (856,'China',NULL);
INSERT INTO regions VALUES (857,'Ukraine',NULL);
INSERT INTO regions VALUES (858,'Belarus',NULL);
INSERT INTO regions VALUES (859,'Senegal',NULL);
INSERT INTO regions VALUES (860,'Philippines',NULL);
INSERT INTO regions VALUES (861,'China',NULL);
INSERT INTO regions VALUES (862,'United States',NULL);
INSERT INTO regions VALUES (863,'Indonesia',NULL);
INSERT INTO regions VALUES (864,'Brazil',NULL);
INSERT INTO regions VALUES (865,'Brazil',NULL);
INSERT INTO regions VALUES (866,'Colombia',NULL);
INSERT INTO regions VALUES (867,'Costa Rica',NULL);
INSERT INTO regions VALUES (868,'Bahamas',NULL);
INSERT INTO regions VALUES (869,'Netherlands',NULL);
INSERT INTO regions VALUES (870,'United States',NULL);
INSERT INTO regions VALUES (871,'China',NULL);
INSERT INTO regions VALUES (872,'Poland',NULL);
INSERT INTO regions VALUES (873,'Luxembourg',NULL);
INSERT INTO regions VALUES (874,'China',NULL);
INSERT INTO regions VALUES (875,'Russia',NULL);
INSERT INTO regions VALUES (876,'China',NULL);
INSERT INTO regions VALUES (877,'China',NULL);
INSERT INTO regions VALUES (878,'France',NULL);
INSERT INTO regions VALUES (879,'Brazil',NULL);
INSERT INTO regions VALUES (880,'Cameroon',NULL);
INSERT INTO regions VALUES (881,'Albania',NULL);
INSERT INTO regions VALUES (882,'Poland',NULL);
INSERT INTO regions VALUES (883,'Iran',NULL);
INSERT INTO regions VALUES (884,'Indonesia',NULL);
INSERT INTO regions VALUES (885,'Honduras',NULL);
INSERT INTO regions VALUES (886,'Macedonia',NULL);
INSERT INTO regions VALUES (887,'Mexico',NULL);
INSERT INTO regions VALUES (888,'China',NULL);
INSERT INTO regions VALUES (889,'Sweden',NULL);
INSERT INTO regions VALUES (890,'China',NULL);
INSERT INTO regions VALUES (891,'France',NULL);
INSERT INTO regions VALUES (892,'Afghanistan',NULL);
INSERT INTO regions VALUES (893,'China',NULL);
INSERT INTO regions VALUES (894,'China',NULL);
INSERT INTO regions VALUES (895,'Greece',NULL);
INSERT INTO regions VALUES (896,'China',NULL);
INSERT INTO regions VALUES (897,'Portugal',NULL);
INSERT INTO regions VALUES (898,'Indonesia',NULL);
INSERT INTO regions VALUES (899,'Indonesia',NULL);
INSERT INTO regions VALUES (900,'United States',NULL);
INSERT INTO regions VALUES (901,'China',NULL);
INSERT INTO regions VALUES (902,'China',NULL);
INSERT INTO regions VALUES (903,'Mauritius',NULL);
INSERT INTO regions VALUES (904,'Greece',NULL);
INSERT INTO regions VALUES (905,'Colombia',NULL);
INSERT INTO regions VALUES (906,'China',NULL);
INSERT INTO regions VALUES (907,'Indonesia',NULL);
INSERT INTO regions VALUES (908,'Russia',NULL);
INSERT INTO regions VALUES (909,'United Kingdom',NULL);
INSERT INTO regions VALUES (910,'France',NULL);
INSERT INTO regions VALUES (911,'Canada',NULL);
INSERT INTO regions VALUES (912,'Croatia',NULL);
INSERT INTO regions VALUES (913,'Peru',NULL);
INSERT INTO regions VALUES (914,'Cuba',NULL);
INSERT INTO regions VALUES (915,'Azerbaijan',NULL);
INSERT INTO regions VALUES (916,'Japan',NULL);
INSERT INTO regions VALUES (917,'China',NULL);
INSERT INTO regions VALUES (918,'Kazakhstan',NULL);
INSERT INTO regions VALUES (919,'China',NULL);
INSERT INTO regions VALUES (920,'Tanzania',NULL);
INSERT INTO regions VALUES (921,'Indonesia',NULL);
INSERT INTO regions VALUES (922,'China',NULL);
INSERT INTO regions VALUES (923,'Russia',NULL);
INSERT INTO regions VALUES (924,'Indonesia',NULL);
INSERT INTO regions VALUES (925,'Thailand',NULL);
INSERT INTO regions VALUES (926,'Sweden',NULL);
INSERT INTO regions VALUES (927,'Hungary',NULL);
INSERT INTO regions VALUES (928,'Cyprus',NULL);
INSERT INTO regions VALUES (929,'Portugal',NULL);
INSERT INTO regions VALUES (930,'Russia',NULL);
INSERT INTO regions VALUES (931,'Indonesia',NULL);
INSERT INTO regions VALUES (932,'Equatorial Guinea',NULL);
INSERT INTO regions VALUES (933,'United States',NULL);
INSERT INTO regions VALUES (934,'France',NULL);
INSERT INTO regions VALUES (935,'China',NULL);
INSERT INTO regions VALUES (936,'Slovenia',NULL);
INSERT INTO regions VALUES (937,'Jamaica',NULL);
INSERT INTO regions VALUES (938,'Philippines',NULL);
INSERT INTO regions VALUES (939,'Indonesia',NULL);
INSERT INTO regions VALUES (940,'Russia',NULL);
INSERT INTO regions VALUES (941,'Philippines',NULL);
INSERT INTO regions VALUES (942,'China',NULL);
INSERT INTO regions VALUES (943,'Sweden',NULL);
INSERT INTO regions VALUES (944,'New Caledonia',NULL);
INSERT INTO regions VALUES (945,'Philippines',NULL);
INSERT INTO regions VALUES (946,'Philippines',NULL);
INSERT INTO regions VALUES (947,'Russia',NULL);
INSERT INTO regions VALUES (948,'Croatia',NULL);
INSERT INTO regions VALUES (949,'China',NULL);
INSERT INTO regions VALUES (950,'France',NULL);
INSERT INTO regions VALUES (951,'Argentina',NULL);
INSERT INTO regions VALUES (952,'Colombia',NULL);
INSERT INTO regions VALUES (953,'Syria',NULL);
INSERT INTO regions VALUES (954,'China',NULL);
INSERT INTO regions VALUES (955,'France',NULL);
INSERT INTO regions VALUES (956,'China',NULL);
INSERT INTO regions VALUES (957,'Afghanistan',NULL);
INSERT INTO regions VALUES (958,'Thailand',NULL);
INSERT INTO regions VALUES (959,'Pakistan',NULL);
INSERT INTO regions VALUES (960,'United States',NULL);
INSERT INTO regions VALUES (961,'Thailand',NULL);
INSERT INTO regions VALUES (962,'Kazakhstan',NULL);
INSERT INTO regions VALUES (963,'Venezuela',NULL);
INSERT INTO regions VALUES (964,'Philippines',NULL);
INSERT INTO regions VALUES (965,'Philippines',NULL);
INSERT INTO regions VALUES (966,'Philippines',NULL);
INSERT INTO regions VALUES (967,'Russia',NULL);
INSERT INTO regions VALUES (968,'China',NULL);
INSERT INTO regions VALUES (969,'Japan',NULL);
INSERT INTO regions VALUES (970,'United States',NULL);
INSERT INTO regions VALUES (971,'China',NULL);
INSERT INTO regions VALUES (972,'Malta',NULL);
INSERT INTO regions VALUES (973,'Vietnam',NULL);
INSERT INTO regions VALUES (974,'Thailand',NULL);
INSERT INTO regions VALUES (975,'El Salvador',NULL);
INSERT INTO regions VALUES (976,'Indonesia',NULL);
INSERT INTO regions VALUES (977,'Syria',NULL);
INSERT INTO regions VALUES (978,'Indonesia',NULL);
INSERT INTO regions VALUES (979,'Brazil',NULL);
INSERT INTO regions VALUES (980,'Ukraine',NULL);
INSERT INTO regions VALUES (981,'United States',NULL);
INSERT INTO regions VALUES (982,'Papua New Guinea',NULL);
INSERT INTO regions VALUES (983,'Myanmar',NULL);
INSERT INTO regions VALUES (984,'Paraguay',NULL);
INSERT INTO regions VALUES (985,'Afghanistan',NULL);
INSERT INTO regions VALUES (986,'Philippines',NULL);
INSERT INTO regions VALUES (987,'Mexico',NULL);
INSERT INTO regions VALUES (988,'Poland',NULL);
INSERT INTO regions VALUES (989,'China',NULL);
INSERT INTO regions VALUES (990,'Poland',NULL);
INSERT INTO regions VALUES (991,'Philippines',NULL);
INSERT INTO regions VALUES (992,'Bolivia',NULL);
INSERT INTO regions VALUES (993,'Ukraine',NULL);
INSERT INTO regions VALUES (994,'Indonesia',NULL);
INSERT INTO regions VALUES (995,'North Korea',NULL);
INSERT INTO regions VALUES (996,'Philippines',NULL);
INSERT INTO regions VALUES (997,'China',NULL);
INSERT INTO regions VALUES (998,'Czech Republic',NULL);
INSERT INTO regions VALUES (999,'United States',NULL);
INSERT INTO regions VALUES (1000,'Russia',NULL);
INSERT INTO products VALUES (1,'Puff Pastry - Slab',NULL);
INSERT INTO products VALUES (2,'Lamb - Loin Chops',NULL);
INSERT INTO products VALUES (3,'Flour - Fast / Rapid',NULL);
INSERT INTO products VALUES (4,'Dried Figs',NULL);
INSERT INTO products VALUES (5,'Cheese Cloth No 60',NULL);
INSERT INTO products VALUES (6,'Water - Green Tea Refresher',NULL);
INSERT INTO products VALUES (7,'Cinnamon Buns Sticky',NULL);
INSERT INTO products VALUES (8,'Brandy Apricot',NULL);
INSERT INTO products VALUES (9,'Chicken - Bones',NULL);
INSERT INTO products VALUES (10,'Spice - Onion Powder Granulated',NULL);
INSERT INTO products VALUES (11,'Sea Urchin',NULL);
INSERT INTO products VALUES (12,'Rosemary - Dry',NULL);
INSERT INTO products VALUES (13,'Wine - Harrow Estates, Vidal',NULL);
INSERT INTO products VALUES (14,'Pastry - Baked Cinnamon Stick',NULL);
INSERT INTO products VALUES (15,'Salmon - Atlantic, No Skin',NULL);
INSERT INTO products VALUES (16,'Wine - Spumante Bambino White',NULL);
INSERT INTO products VALUES (17,'Corn Kernels - Frozen',NULL);
INSERT INTO products VALUES (18,'V8 Splash Strawberry Kiwi',NULL);
INSERT INTO products VALUES (19,'Rice Paper',NULL);
INSERT INTO products VALUES (20,'Bacardi Raspberry',NULL);
INSERT INTO products VALUES (21,'Steampan - Half Size Shallow',NULL);
INSERT INTO products VALUES (22,'Chips - Potato Jalapeno',NULL);
INSERT INTO products VALUES (23,'Wheat - Soft Kernal Of Wheat',NULL);
INSERT INTO products VALUES (24,'Chick Peas - Canned',NULL);
INSERT INTO products VALUES (25,'Wine - Vovray Sec Domaine Huet',NULL);
INSERT INTO products VALUES (26,'Table Cloth 90x90 White',NULL);
INSERT INTO products VALUES (27,'Mushroom Morel Fresh',NULL);
INSERT INTO products VALUES (28,'Wine - Shiraz Wolf Blass Premium',NULL);
INSERT INTO products VALUES (29,'Onions - Vidalia',NULL);
INSERT INTO products VALUES (30,'Peach - Fresh',NULL);
INSERT INTO products VALUES (31,'Vinegar - Red Wine',NULL);
INSERT INTO products VALUES (32,'Appetizer - Southwestern',NULL);
INSERT INTO products VALUES (33,'Zucchini - Mini, Green',NULL);
INSERT INTO products VALUES (34,'Oil - Olive Bertolli',NULL);
INSERT INTO products VALUES (35,'Fiddlehead - Frozen',NULL);
INSERT INTO products VALUES (36,'Crab - Imitation Flakes',NULL);
INSERT INTO products VALUES (37,'Soup - Campbells, Cream Of',NULL);
INSERT INTO products VALUES (38,'Oven Mitts - 15 Inch',NULL);
INSERT INTO products VALUES (39,'Wine - Rosso Toscano Igt',NULL);
INSERT INTO products VALUES (40,'Soup - Campbells Mushroom',NULL);
INSERT INTO products VALUES (41,'Ham - Cooked Italian',NULL);
INSERT INTO products VALUES (42,'Beef - Top Sirloin - Aaa',NULL);
INSERT INTO products VALUES (43,'Soup Campbells Split Pea And Ham',NULL);
INSERT INTO products VALUES (44,'Gatorade - Lemon Lime',NULL);
INSERT INTO products VALUES (45,'Chivas Regal - 12 Year Old',NULL);
INSERT INTO products VALUES (46,'Lettuce - Radicchio',NULL);
INSERT INTO products VALUES (47,'Cake - Lemon Chiffon',NULL);
INSERT INTO products VALUES (48,'Lamb - Leg, Bone In',NULL);
INSERT INTO products VALUES (49,'Roe - Lump Fish, Black',NULL);
INSERT INTO products VALUES (50,'Beef - Ground, Extra Lean, Fresh',NULL);
INSERT INTO products VALUES (51,'Oven Mitts 17 Inch',NULL);
INSERT INTO products VALUES (52,'Longos - Chicken Caeser Salad',NULL);
INSERT INTO products VALUES (53,'Muffin Hinge 117n',NULL);
INSERT INTO products VALUES (54,'Buffalo - Tenderloin',NULL);
INSERT INTO products VALUES (55,'Salmon Steak - Cohoe 6 Oz',NULL);
INSERT INTO products VALUES (56,'Soup - Campbells, Classic Chix',NULL);
INSERT INTO products VALUES (57,'Flour - Teff',NULL);
INSERT INTO products VALUES (58,'Muffin Mix - Morning Glory',NULL);
INSERT INTO products VALUES (59,'Soup - Cream Of Broccoli, Dry',NULL);
INSERT INTO products VALUES (60,'Coffee - Decaffeinato Coffee',NULL);
INSERT INTO products VALUES (61,'Squid - Tubes / Tenticles 10/20',NULL);
INSERT INTO products VALUES (62,'Numi - Assorted Teas',NULL);
INSERT INTO products VALUES (63,'Sauce - Soy Low Sodium - 3.87l',NULL);
INSERT INTO products VALUES (64,'Maintenance Removal Charge',NULL);
INSERT INTO products VALUES (65,'Hog / Sausage Casing - Pork',NULL);
INSERT INTO products VALUES (66,'Muffin Orange Individual',NULL);
INSERT INTO products VALUES (67,'Thyme - Lemon, Fresh',NULL);
INSERT INTO products VALUES (68,'Rum - Cream, Amarula',NULL);
INSERT INTO products VALUES (69,'Cream - 35%',NULL);
INSERT INTO products VALUES (70,'Cornish Hen',NULL);
INSERT INTO products VALUES (71,'Walkers Special Old Whiskey',NULL);
INSERT INTO products VALUES (72,'Milk - Skim',NULL);
INSERT INTO products VALUES (73,'Beans - Black Bean, Canned',NULL);
INSERT INTO products VALUES (74,'Green Tea Refresher',NULL);
INSERT INTO products VALUES (75,'Lettuce - Radicchio',NULL);
INSERT INTO products VALUES (76,'Bar - Granola Trail Mix Fruit Nut',NULL);
INSERT INTO products VALUES (77,'Jam - Raspberry',NULL);
INSERT INTO products VALUES (78,'Wine - Pinot Noir Latour',NULL);
INSERT INTO products VALUES (79,'Chinese Lemon Pork',NULL);
INSERT INTO products VALUES (80,'Lentils - Green, Dry',NULL);
INSERT INTO products VALUES (81,'Cheese - Havarti, Salsa',NULL);
INSERT INTO products VALUES (82,'Longos - Grilled Veg Sandwiches',NULL);
INSERT INTO products VALUES (83,'Cabbage Roll',NULL);
INSERT INTO products VALUES (84,'Cheese - Blue',NULL);
INSERT INTO products VALUES (85,'Tumeric',NULL);
INSERT INTO products VALUES (86,'Jam - Raspberry',NULL);
INSERT INTO products VALUES (87,'Plasticforkblack',NULL);
INSERT INTO products VALUES (88,'Lettuce - Arugula',NULL);
INSERT INTO products VALUES (89,'Onions - Spanish',NULL);
INSERT INTO products VALUES (90,'Pepper - Paprika, Spanish',NULL);
INSERT INTO products VALUES (91,'Veal - Eye Of Round',NULL);
INSERT INTO products VALUES (92,'Easy Off Oven Cleaner',NULL);
INSERT INTO products VALUES (93,'Soup - Campbells, Minestrone',NULL);
INSERT INTO products VALUES (94,'Beer - Heinekin',NULL);
INSERT INTO products VALUES (95,'Pastry - Butterscotch Baked',NULL);
INSERT INTO products VALUES (96,'Cheese - Mix',NULL);
INSERT INTO products VALUES (97,'Wine - Periguita Fonseca',NULL);
INSERT INTO products VALUES (98,'Wine - Shiraz South Eastern',NULL);
INSERT INTO products VALUES (99,'Cookies - Englishbay Wht',NULL);
INSERT INTO products VALUES (100,'Bamboo Shoots - Sliced',NULL);
INSERT INTO products VALUES (101,'Pork - Tenderloin, Fresh',NULL);
INSERT INTO products VALUES (102,'Table Cloth 54x54 Colour',NULL);
INSERT INTO products VALUES (103,'Syrup - Chocolate',NULL);
INSERT INTO products VALUES (104,'Table Cloth 144x90 White',NULL);
INSERT INTO products VALUES (105,'White Fish - Filets',NULL);
INSERT INTO products VALUES (106,'Chicken - Leg, Fresh',NULL);
INSERT INTO products VALUES (107,'Pork - Hock And Feet Attached',NULL);
INSERT INTO products VALUES (108,'Fuji Apples',NULL);
INSERT INTO products VALUES (109,'Eggs - Extra Large',NULL);
INSERT INTO products VALUES (110,'Beans - Navy, Dry',NULL);
INSERT INTO products VALUES (111,'Nut - Almond, Blanched, Ground',NULL);
INSERT INTO products VALUES (112,'Muffin Mix - Lemon Cranberry',NULL);
INSERT INTO products VALUES (113,'Shrimp - 16/20, Iqf, Shell On',NULL);
INSERT INTO products VALUES (114,'Cheese - Pont Couvert',NULL);
INSERT INTO products VALUES (115,'Cookie - Oatmeal',NULL);
INSERT INTO products VALUES (116,'Vinegar - Red Wine',NULL);
INSERT INTO products VALUES (117,'Dried Cherries',NULL);
INSERT INTO products VALUES (118,'Oneshot Automatic Soap System',NULL);
INSERT INTO products VALUES (119,'Huck White Towels',NULL);
INSERT INTO products VALUES (120,'Bok Choy - Baby',NULL);
INSERT INTO products VALUES (121,'Pastry - Carrot Muffin - Mini',NULL);
INSERT INTO products VALUES (122,'Nut - Hazelnut, Ground, Natural',NULL);
INSERT INTO products VALUES (123,'Water - Perrier',NULL);
INSERT INTO products VALUES (124,'Chicken - Leg, Fresh',NULL);
INSERT INTO products VALUES (125,'Gingerale - Schweppes, 355 Ml',NULL);
INSERT INTO products VALUES (126,'Apple - Royal Gala',NULL);
INSERT INTO products VALUES (127,'Soup - Beef, Base Mix',NULL);
INSERT INTO products VALUES (128,'Pecan Raisin - Tarts',NULL);
INSERT INTO products VALUES (129,'Muffin - Bran Ind Wrpd',NULL);
INSERT INTO products VALUES (130,'Juice - Ocean Spray Cranberry',NULL);
INSERT INTO products VALUES (131,'Chocolate Liqueur - Godet White',NULL);
INSERT INTO products VALUES (132,'Squash - Sunburst',NULL);
INSERT INTO products VALUES (133,'Gelatine Powder',NULL);
INSERT INTO products VALUES (134,'Wine - White, Gewurtzraminer',NULL);
INSERT INTO products VALUES (135,'Lamb - Shanks',NULL);
INSERT INTO products VALUES (136,'Salmon - Smoked, Sliced',NULL);
INSERT INTO products VALUES (137,'Chutney Sauce',NULL);
INSERT INTO products VALUES (138,'Squid - Tubes / Tenticles 10/20',NULL);
INSERT INTO products VALUES (139,'Bag Clear 10 Lb',NULL);
INSERT INTO products VALUES (140,'Sour Puss Raspberry',NULL);
INSERT INTO products VALUES (141,'Pail For Lid 1537',NULL);
INSERT INTO products VALUES (142,'Langers - Cranberry Cocktail',NULL);
INSERT INTO products VALUES (143,'Potatoes - Idaho 100 Count',NULL);
INSERT INTO products VALUES (144,'Squid - U 5',NULL);
INSERT INTO products VALUES (145,'Tarragon - Fresh',NULL);
INSERT INTO products VALUES (146,'Cheese - Brie, Triple Creme',NULL);
INSERT INTO products VALUES (147,'Coconut Milk - Unsweetened',NULL);
INSERT INTO products VALUES (148,'Cheese - Gouda Smoked',NULL);
INSERT INTO products VALUES (149,'Wine - Pinot Grigio Collavini',NULL);
INSERT INTO products VALUES (150,'Yeast Dry - Fermipan',NULL);
INSERT INTO products VALUES (151,'Soup - Campbells Beef Noodle',NULL);
INSERT INTO products VALUES (152,'Arrowroot',NULL);
INSERT INTO products VALUES (153,'Island Oasis - Magarita Mix',NULL);
INSERT INTO products VALUES (154,'Sprouts Dikon',NULL);
INSERT INTO products VALUES (155,'Chicken - White Meat With Tender',NULL);
INSERT INTO products VALUES (156,'Magnotta Bel Paese Red',NULL);
INSERT INTO products VALUES (157,'Tia Maria',NULL);
INSERT INTO products VALUES (158,'Tea Peppermint',NULL);
INSERT INTO products VALUES (159,'Sprite - 355 Ml',NULL);
INSERT INTO products VALUES (160,'Soup - Knorr, Chicken Gumbo',NULL);
INSERT INTO products VALUES (161,'Compound - Pear',NULL);
INSERT INTO products VALUES (162,'Foam Tray S2',NULL);
INSERT INTO products VALUES (163,'Nestea - Ice Tea, Diet',NULL);
INSERT INTO products VALUES (164,'Alize Gold Passion',NULL);
INSERT INTO products VALUES (165,'Juice - Mango',NULL);
INSERT INTO products VALUES (166,'Canada Dry',NULL);
INSERT INTO products VALUES (167,'Tomatoes Tear Drop',NULL);
INSERT INTO products VALUES (168,'Beer - Guiness',NULL);
INSERT INTO products VALUES (169,'Trout Rainbow Whole',NULL);
INSERT INTO products VALUES (170,'Bread Foccacia Whole',NULL);
INSERT INTO products VALUES (171,'Tomato - Tricolor Cherry',NULL);
INSERT INTO products VALUES (172,'Loquat',NULL);
INSERT INTO products VALUES (173,'Wine - Fat Bastard Merlot',NULL);
INSERT INTO products VALUES (174,'Soupfoamcont12oz 112con',NULL);
INSERT INTO products VALUES (175,'Soup - Beef Conomme, Dry',NULL);
INSERT INTO products VALUES (176,'Tea - Earl Grey',NULL);
INSERT INTO products VALUES (177,'Bagel - 12 Grain Preslice',NULL);
INSERT INTO products VALUES (178,'Noodles - Steamed Chow Mein',NULL);
INSERT INTO products VALUES (179,'Rosemary - Primerba, Paste',NULL);
INSERT INTO products VALUES (180,'Beef Cheek Fresh',NULL);
INSERT INTO products VALUES (181,'Hinge W Undercut',NULL);
INSERT INTO products VALUES (182,'Pears - Anjou',NULL);
INSERT INTO products VALUES (183,'Onions - Dried, Chopped',NULL);
INSERT INTO products VALUES (184,'Lemon Tarts',NULL);
INSERT INTO products VALUES (185,'Cake - French Pear Tart',NULL);
INSERT INTO products VALUES (186,'Fond - Chocolate',NULL);
INSERT INTO products VALUES (187,'Sobe - Green Tea',NULL);
INSERT INTO products VALUES (188,'Cookies - Englishbay Oatmeal',NULL);
INSERT INTO products VALUES (189,'Pail With Metal Handle 16l White',NULL);
INSERT INTO products VALUES (190,'Soup - Campbells Broccoli',NULL);
INSERT INTO products VALUES (191,'Ham - Black Forest',NULL);
INSERT INTO products VALUES (192,'Soup - Chicken And Wild Rice',NULL);
INSERT INTO products VALUES (193,'Rambutan',NULL);
INSERT INTO products VALUES (194,'Sauce - Marinara',NULL);
INSERT INTO products VALUES (195,'Pectin',NULL);
INSERT INTO products VALUES (196,'Sauce Bbq Smokey',NULL);
INSERT INTO products VALUES (197,'Table Cloth 53x53 White',NULL);
INSERT INTO products VALUES (198,'Pork Salted Bellies',NULL);
INSERT INTO products VALUES (199,'Lemonade - Natural, 591 Ml',NULL);
INSERT INTO products VALUES (200,'Pan Grease',NULL);
INSERT INTO products VALUES (201,'Trueblue - Blueberry Cranberry',NULL);
INSERT INTO products VALUES (202,'Wine - Soave Folonari',NULL);
INSERT INTO products VALUES (203,'Sobe - Tropical Energy',NULL);
INSERT INTO products VALUES (204,'Cranberries - Frozen',NULL);
INSERT INTO products VALUES (205,'Chicken - Leg, Fresh',NULL);
INSERT INTO products VALUES (206,'Cheese - Sheep Milk',NULL);
INSERT INTO products VALUES (207,'Kiwi',NULL);
INSERT INTO products VALUES (208,'Olive - Spread Tapenade',NULL);
INSERT INTO products VALUES (209,'Puree - Guava',NULL);
INSERT INTO products VALUES (210,'Coffee - Beans, Whole',NULL);
INSERT INTO products VALUES (211,'Bread Base - Toscano',NULL);
INSERT INTO products VALUES (212,'Cake - Night And Day Choclate',NULL);
INSERT INTO products VALUES (213,'Flour Dark Rye',NULL);
INSERT INTO products VALUES (214,'Ecolab - Hobart Washarm End Cap',NULL);
INSERT INTO products VALUES (215,'Wine - Barbera Alba Doc 2001',NULL);
INSERT INTO products VALUES (216,'Longos - Chicken Curried',NULL);
INSERT INTO products VALUES (217,'Squash - Pepper',NULL);
INSERT INTO products VALUES (218,'Puff Pastry - Slab',NULL);
INSERT INTO products VALUES (219,'Flower - Carnations',NULL);
INSERT INTO products VALUES (220,'Cheese - Grana Padano',NULL);
INSERT INTO products VALUES (221,'Juice - Lemon',NULL);
INSERT INTO products VALUES (222,'Sauce - Plum',NULL);
INSERT INTO products VALUES (223,'Beans - Black Bean, Preserved',NULL);
INSERT INTO products VALUES (224,'Soup Bowl Clear 8oz92008',NULL);
INSERT INTO products VALUES (225,'Bread - Italian Roll With Herbs',NULL);
INSERT INTO products VALUES (226,'Orange - Tangerine',NULL);
INSERT INTO products VALUES (227,'Chickensplit Half',NULL);
INSERT INTO products VALUES (228,'Ice Cream - Super Sandwich',NULL);
INSERT INTO products VALUES (229,'Ecolab - Balanced Fusion',NULL);
INSERT INTO products VALUES (230,'Tea - Grapefruit Green Tea',NULL);
INSERT INTO products VALUES (231,'Chocolate - White',NULL);
INSERT INTO products VALUES (232,'Beef - Tenderloin',NULL);
INSERT INTO products VALUES (233,'Bouillion - Fish',NULL);
INSERT INTO products VALUES (234,'Truffle Shells - White Chocolate',NULL);
INSERT INTO products VALUES (235,'Table Cloth 90x90 Colour',NULL);
INSERT INTO products VALUES (236,'Corn - On The Cob',NULL);
INSERT INTO products VALUES (237,'Vermouth - White, Cinzano',NULL);
INSERT INTO products VALUES (238,'Cookies - Assorted',NULL);
INSERT INTO products VALUES (239,'Rum - White, Gg White',NULL);
INSERT INTO products VALUES (240,'Sauce - Oyster',NULL);
INSERT INTO products VALUES (241,'Rabbit - Frozen',NULL);
INSERT INTO products VALUES (242,'Mustard - Seed',NULL);
INSERT INTO products VALUES (243,'Tea - Darjeeling, Azzura',NULL);
INSERT INTO products VALUES (244,'Wine - Alsace Riesling Reserve',NULL);
INSERT INTO products VALUES (245,'Salmon - Smoked, Sliced',NULL);
INSERT INTO products VALUES (246,'Duck - Breast',NULL);
INSERT INTO products VALUES (247,'Miso Paste White',NULL);
INSERT INTO products VALUES (248,'Pastry - Apple Large',NULL);
INSERT INTO products VALUES (249,'Chicken - Livers',NULL);
INSERT INTO products VALUES (250,'Wood Chips - Regular',NULL);
INSERT INTO products VALUES (251,'Sprouts - Bean',NULL);
INSERT INTO products VALUES (252,'Pickles - Gherkins',NULL);
INSERT INTO products VALUES (253,'Soup V8 Roasted Red Pepper',NULL);
INSERT INTO products VALUES (254,'Chicken Breast Halal',NULL);
INSERT INTO products VALUES (255,'Soup V8 Roasted Red Pepper',NULL);
INSERT INTO products VALUES (256,'Meldea Green Tea Liquor',NULL);
INSERT INTO products VALUES (257,'Sprouts - Onion',NULL);
INSERT INTO products VALUES (258,'Sponge Cake Mix - Vanilla',NULL);
INSERT INTO products VALUES (259,'Carbonated Water - Blackcherry',NULL);
INSERT INTO products VALUES (260,'Shrimp - Black Tiger 26/30',NULL);
INSERT INTO products VALUES (261,'Soup - Campbells, Spinach Crm',NULL);
INSERT INTO products VALUES (262,'Energy Drink - Franks Pineapple',NULL);
INSERT INTO products VALUES (263,'Pepper - Green',NULL);
INSERT INTO products VALUES (264,'Pork - Bacon Cooked Slcd',NULL);
INSERT INTO products VALUES (265,'Sauce - Apple, Unsweetened',NULL);
INSERT INTO products VALUES (266,'Cheese - Comte',NULL);
INSERT INTO products VALUES (267,'Pork - Back, Short Cut, Boneless',NULL);
INSERT INTO products VALUES (268,'Crush - Orange, 355ml',NULL);
INSERT INTO products VALUES (269,'Table Cloth 62x120 Colour',NULL);
INSERT INTO products VALUES (270,'Pasta - Fusili, Dry',NULL);
INSERT INTO products VALUES (271,'Raspberries - Fresh',NULL);
INSERT INTO products VALUES (272,'Juice - Pineapple, 341 Ml',NULL);
INSERT INTO products VALUES (273,'Wine - Cotes Du Rhone',NULL);
INSERT INTO products VALUES (274,'Arctic Char - Fresh, Whole',NULL);
INSERT INTO products VALUES (275,'Appetizer - Veg Assortment',NULL);
INSERT INTO products VALUES (276,'Wiberg Cure',NULL);
INSERT INTO products VALUES (277,'Squid - Tubes / Tenticles 10/20',NULL);
INSERT INTO products VALUES (278,'Orange Roughy 4/6 Oz',NULL);
INSERT INTO products VALUES (279,'Salmon - Atlantic, Skin On',NULL);
INSERT INTO products VALUES (280,'Sage Derby',NULL);
INSERT INTO products VALUES (281,'Dip - Tapenade',NULL);
INSERT INTO products VALUES (282,'Vinegar - Champagne',NULL);
INSERT INTO products VALUES (283,'Pork - Back Ribs',NULL);
INSERT INTO products VALUES (284,'Beer - Camerons Auburn',NULL);
INSERT INTO products VALUES (285,'Lettuce - Treviso',NULL);
INSERT INTO products VALUES (286,'Soup Bowl Clear 8oz92008',NULL);
INSERT INTO products VALUES (287,'Mushroom - Crimini',NULL);
INSERT INTO products VALUES (288,'Salmon - Canned',NULL);
INSERT INTO products VALUES (289,'Creme De Cacao Mcguines',NULL);
INSERT INTO products VALUES (290,'Cheese - Comtomme',NULL);
INSERT INTO products VALUES (291,'Pasta - Lasagna, Dry',NULL);
INSERT INTO products VALUES (292,'Potatoes - Parissienne',NULL);
INSERT INTO products VALUES (293,'Tortillas - Flour, 12',NULL);
INSERT INTO products VALUES (294,'Tea - Jasmin Green',NULL);
INSERT INTO products VALUES (295,'Beef - Short Ribs',NULL);
INSERT INTO products VALUES (296,'Ecolab - Orange Frc, Cleaner',NULL);
INSERT INTO products VALUES (297,'Pastry - Key Limepoppy Seed Tea',NULL);
INSERT INTO products VALUES (298,'Tart - Lemon',NULL);
INSERT INTO products VALUES (299,'Oregano - Fresh',NULL);
INSERT INTO products VALUES (300,'Bread - Focaccia Quarter',NULL);
INSERT INTO products VALUES (301,'The Pop Shoppe - Lime Rickey',NULL);
INSERT INTO products VALUES (302,'Coconut - Shredded, Sweet',NULL);
INSERT INTO products VALUES (303,'Bagelers',NULL);
INSERT INTO products VALUES (304,'Numi - Assorted Teas',NULL);
INSERT INTO products VALUES (305,'Ecolab - Hand Soap Form Antibac',NULL);
INSERT INTO products VALUES (306,'Soup - Tomato Mush. Florentine',NULL);
INSERT INTO products VALUES (307,'Chicken - Base',NULL);
INSERT INTO products VALUES (308,'Oxtail - Cut',NULL);
INSERT INTO products VALUES (309,'Beef - Eye Of Round',NULL);
INSERT INTO products VALUES (310,'Mcguinness - Blue Curacao',NULL);
INSERT INTO products VALUES (311,'Food Colouring - Green',NULL);
INSERT INTO products VALUES (312,'Milkettes - 2%',NULL);
INSERT INTO products VALUES (313,'Radish - Pickled',NULL);
INSERT INTO products VALUES (314,'Beef - Ground Medium',NULL);
INSERT INTO products VALUES (315,'Crab - Claws, Snow 16 - 24',NULL);
INSERT INTO products VALUES (316,'Ham - Smoked, Bone - In',NULL);
INSERT INTO products VALUES (317,'Muskox - French Rack',NULL);
INSERT INTO products VALUES (318,'Orange - Tangerine',NULL);
INSERT INTO products VALUES (319,'Pork - Ham, Virginia',NULL);
INSERT INTO products VALUES (320,'Corn - Cream, Canned',NULL);
INSERT INTO products VALUES (321,'Sauce - Salsa',NULL);
INSERT INTO products VALUES (322,'Beer - Alexander Kieths, Pale Ale',NULL);
INSERT INTO products VALUES (323,'Lamb Leg - Bone - In Nz',NULL);
INSERT INTO products VALUES (324,'Long Island Ice Tea',NULL);
INSERT INTO products VALUES (325,'Table Cloth 54x54 Colour',NULL);
INSERT INTO products VALUES (326,'Water - Perrier',NULL);
INSERT INTO products VALUES (327,'Fennel - Seeds',NULL);
INSERT INTO products VALUES (328,'Bread - Rolls, Rye',NULL);
INSERT INTO products VALUES (329,'Schnappes Peppermint - Walker',NULL);
INSERT INTO products VALUES (330,'Eggplant - Baby',NULL);
INSERT INTO products VALUES (331,'Wine - Magnotta, White',NULL);
INSERT INTO products VALUES (332,'Nut - Pistachio, Shelled',NULL);
INSERT INTO products VALUES (333,'Red Currant Jelly',NULL);
INSERT INTO products VALUES (334,'Juice - Apple, 1.36l',NULL);
INSERT INTO products VALUES (335,'Island Oasis - Mango Daiquiri',NULL);
INSERT INTO products VALUES (336,'Grenadine',NULL);
INSERT INTO products VALUES (337,'Instant Coffee',NULL);
INSERT INTO products VALUES (338,'Wine - Magnotta - Belpaese',NULL);
INSERT INTO products VALUES (339,'Extract - Lemon',NULL);
INSERT INTO products VALUES (340,'Soap - Hand Soap',NULL);
INSERT INTO products VALUES (341,'Corn - Cream, Canned',NULL);
INSERT INTO products VALUES (342,'Food Colouring - Orange',NULL);
INSERT INTO products VALUES (343,'Apricots - Halves',NULL);
INSERT INTO products VALUES (344,'Creme De Menthe Green',NULL);
INSERT INTO products VALUES (345,'Cheese - Woolwich Goat, Log',NULL);
INSERT INTO products VALUES (346,'Bread - Olive Dinner Roll',NULL);
INSERT INTO products VALUES (347,'Beef - Striploin',NULL);
INSERT INTO products VALUES (348,'Cheese - Grana Padano',NULL);
INSERT INTO products VALUES (349,'Longos - Greek Salad',NULL);
INSERT INTO products VALUES (350,'Shrimp - Black Tiger 13/15',NULL);
INSERT INTO products VALUES (351,'Beer - True North Lager',NULL);
INSERT INTO products VALUES (352,'Hold Up Tool Storage Rack',NULL);
INSERT INTO products VALUES (353,'Lamb - Pieces, Diced',NULL);
INSERT INTO products VALUES (354,'Petite Baguette',NULL);
INSERT INTO products VALUES (355,'Bread - Crusty Italian Poly',NULL);
INSERT INTO products VALUES (356,'Crab - Imitation Flakes',NULL);
INSERT INTO products VALUES (357,'Eggplant - Asian',NULL);
INSERT INTO products VALUES (358,'Wine - Jaboulet Cotes Du Rhone',NULL);
INSERT INTO products VALUES (359,'Spinach - Packaged',NULL);
INSERT INTO products VALUES (360,'Oil - Macadamia',NULL);
INSERT INTO products VALUES (361,'Lamb - Whole, Frozen',NULL);
INSERT INTO products VALUES (362,'Water - Perrier',NULL);
INSERT INTO products VALUES (363,'Soup - Campbells Beef Stew',NULL);
INSERT INTO products VALUES (364,'Tea - Mint',NULL);
INSERT INTO products VALUES (365,'Pork - Hock And Feet Attached',NULL);
INSERT INTO products VALUES (366,'Olives - Black, Pitted',NULL);
INSERT INTO products VALUES (367,'Yoplait - Strawbrasp Peac',NULL);
INSERT INTO products VALUES (368,'Salmon - Canned',NULL);
INSERT INTO products VALUES (369,'Gingerale - Diet - Schweppes',NULL);
INSERT INTO products VALUES (370,'Lamb - Whole, Frozen',NULL);
INSERT INTO products VALUES (371,'Ice Cream Bar - Oreo Cone',NULL);
INSERT INTO products VALUES (372,'Spice - Peppercorn Melange',NULL);
INSERT INTO products VALUES (373,'Crab - Imitation Flakes',NULL);
INSERT INTO products VALUES (374,'Lemons',NULL);
INSERT INTO products VALUES (375,'Isomalt',NULL);
INSERT INTO products VALUES (376,'Worcestershire Sauce',NULL);
INSERT INTO products VALUES (377,'Red Snapper - Fillet, Skin On',NULL);
INSERT INTO products VALUES (378,'Chicken - Livers',NULL);
INSERT INTO products VALUES (379,'Numi - Assorted Teas',NULL);
INSERT INTO products VALUES (380,'Peas Snow',NULL);
INSERT INTO products VALUES (381,'Ecolab - Power Fusion',NULL);
INSERT INTO products VALUES (382,'Wine - Cave Springs Dry Riesling',NULL);
INSERT INTO products VALUES (383,'Wine - Fume Blanc Fetzer',NULL);
INSERT INTO products VALUES (384,'Bread - White Mini Epi',NULL);
INSERT INTO products VALUES (385,'Wine - Chablis 2003 Champs',NULL);
INSERT INTO products VALUES (386,'Pasta - Fettuccine, Dry',NULL);
INSERT INTO products VALUES (387,'Foam Cup 6 Oz',NULL);
INSERT INTO products VALUES (388,'Strawberries - California',NULL);
INSERT INTO products VALUES (389,'Cheese - Valancey',NULL);
INSERT INTO products VALUES (390,'Sea Bass - Whole',NULL);
INSERT INTO products VALUES (391,'Cheese - Asiago',NULL);
INSERT INTO products VALUES (392,'Table Cloth 62x114 Colour',NULL);
INSERT INTO products VALUES (393,'Ice Cream - Life Savers',NULL);
INSERT INTO products VALUES (394,'Pear - Asian',NULL);
INSERT INTO products VALUES (395,'Tortillas - Flour, 8',NULL);
INSERT INTO products VALUES (396,'Pickerel - Fillets',NULL);
INSERT INTO products VALUES (397,'Maintenance Removal Charge',NULL);
INSERT INTO products VALUES (398,'Juice - Ocean Spray Kiwi',NULL);
INSERT INTO products VALUES (399,'Longos - Chicken Wings',NULL);
INSERT INTO products VALUES (400,'Yogurt - Raspberry, 175 Gr',NULL);
INSERT INTO products VALUES (401,'Wine - Riesling Dr. Pauly',NULL);
INSERT INTO products VALUES (402,'Carrots - Mini Red Organic',NULL);
INSERT INTO products VALUES (403,'Energy Drink - Franks Pineapple',NULL);
INSERT INTO products VALUES (404,'Wine - White, Cooking',NULL);
INSERT INTO products VALUES (405,'Flour - Bread',NULL);
INSERT INTO products VALUES (406,'Pork - Back, Long Cut, Boneless',NULL);
INSERT INTO products VALUES (407,'Pasta - Penne, Rigate, Dry',NULL);
INSERT INTO products VALUES (408,'Cheese - Blue',NULL);
INSERT INTO products VALUES (409,'Bread - Mini Hamburger Bun',NULL);
INSERT INTO products VALUES (410,'Bread - Roll, Canadian Dinner',NULL);
INSERT INTO products VALUES (411,'Nantucket - Carrot Orange',NULL);
INSERT INTO products VALUES (412,'Schnappes Peppermint - Walker',NULL);
INSERT INTO products VALUES (413,'Onions - Green',NULL);
INSERT INTO products VALUES (414,'Beans - Kidney, Canned',NULL);
INSERT INTO products VALUES (415,'Soup - Campbells, Lentil',NULL);
INSERT INTO products VALUES (416,'Tomatoes - Hot House',NULL);
INSERT INTO products VALUES (417,'Sherbet - Raspberry',NULL);
INSERT INTO products VALUES (418,'Tea - Decaf Lipton',NULL);
INSERT INTO products VALUES (419,'Muffin Hinge - 211n',NULL);
INSERT INTO products VALUES (420,'Pork - Bacon, Double Smoked',NULL);
INSERT INTO products VALUES (421,'Kahlua',NULL);
INSERT INTO products VALUES (422,'Nut - Almond, Blanched, Whole',NULL);
INSERT INTO products VALUES (423,'Fish - Base, Bouillion',NULL);
INSERT INTO products VALUES (424,'Napkin - Dinner, White',NULL);
INSERT INTO products VALUES (425,'Pomegranates',NULL);
INSERT INTO products VALUES (426,'Ham - Procutinni',NULL);
INSERT INTO products VALUES (427,'Passion Fruit',NULL);
INSERT INTO products VALUES (428,'Apricots - Halves',NULL);
INSERT INTO products VALUES (429,'Wine - Winzer Krems Gruner',NULL);
INSERT INTO products VALUES (430,'Oil - Food, Lacquer Spray',NULL);
INSERT INTO products VALUES (431,'Mix - Cocktail Ice Cream',NULL);
INSERT INTO products VALUES (432,'Tea - Honey Green Tea',NULL);
INSERT INTO products VALUES (433,'Potatoes - Mini Red',NULL);
INSERT INTO products VALUES (434,'Beef Dry Aged Tenderloin Aaa',NULL);
INSERT INTO products VALUES (435,'Melon - Honey Dew',NULL);
INSERT INTO products VALUES (436,'Wine - Magnotta, White',NULL);
INSERT INTO products VALUES (437,'Table Cloth 90x90 White',NULL);
INSERT INTO products VALUES (438,'Wine - Baron De Rothschild',NULL);
INSERT INTO products VALUES (439,'Soup - Knorr, Veg / Beef',NULL);
INSERT INTO products VALUES (440,'Bread - Crumbs, Bulk',NULL);
INSERT INTO products VALUES (441,'Savory',NULL);
INSERT INTO products VALUES (442,'Pork - Ham Hocks - Smoked',NULL);
INSERT INTO products VALUES (443,'Devonshire Cream',NULL);
INSERT INTO products VALUES (444,'Soup Campbells Mexicali Tortilla',NULL);
INSERT INTO products VALUES (445,'Marzipan 50/50',NULL);
INSERT INTO products VALUES (446,'Appetizer - Seafood Assortment',NULL);
INSERT INTO products VALUES (447,'Pasta - Gnocchi, Potato',NULL);
INSERT INTO products VALUES (448,'Cheese - Gorgonzola',NULL);
INSERT INTO products VALUES (449,'Banana - Green',NULL);
INSERT INTO products VALUES (450,'Wine - White, Gewurtzraminer',NULL);
INSERT INTO products VALUES (451,'Pork - Back, Long Cut, Boneless',NULL);
INSERT INTO products VALUES (452,'Wine - Shiraz Wolf Blass Premium',NULL);
INSERT INTO products VALUES (453,'Arizona - Green Tea',NULL);
INSERT INTO products VALUES (454,'Pate Pans Yellow',NULL);
INSERT INTO products VALUES (455,'Broom And Brush Rack Black',NULL);
INSERT INTO products VALUES (456,'Beef - Striploin Aa',NULL);
INSERT INTO products VALUES (457,'Oil - Coconut',NULL);
INSERT INTO products VALUES (458,'Crush - Orange, 355ml',NULL);
INSERT INTO products VALUES (459,'Squash - Butternut',NULL);
INSERT INTO products VALUES (460,'Oil - Margarine',NULL);
INSERT INTO products VALUES (461,'Yogurt - Blueberry, 175 Gr',NULL);
INSERT INTO products VALUES (462,'Capers - Ox Eye Daisy',NULL);
INSERT INTO products VALUES (463,'Grouper - Fresh',NULL);
INSERT INTO products VALUES (464,'Tarragon - Fresh',NULL);
INSERT INTO products VALUES (465,'Pie Filling - Pumpkin',NULL);
INSERT INTO products VALUES (466,'Sole - Iqf',NULL);
INSERT INTO products VALUES (467,'Sugar - Cubes',NULL);
INSERT INTO products VALUES (468,'Soda Water - Club Soda, 355 Ml',NULL);
INSERT INTO products VALUES (469,'Lettuce - Mini Greens, Whole',NULL);
INSERT INTO products VALUES (470,'Pimento - Canned',NULL);
INSERT INTO products VALUES (471,'Sage Ground Wiberg',NULL);
INSERT INTO products VALUES (472,'Madeira',NULL);
INSERT INTO products VALUES (473,'Tea - Lemon Scented',NULL);
INSERT INTO products VALUES (474,'Oil - Coconut',NULL);
INSERT INTO products VALUES (475,'Foil - Round Foil',NULL);
INSERT INTO products VALUES (476,'Veal - Inside',NULL);
INSERT INTO products VALUES (477,'Veal - Tenderloin, Untrimmed',NULL);
INSERT INTO products VALUES (478,'Wine - Red, Antinori Santa',NULL);
INSERT INTO products VALUES (479,'Muffin Mix - Blueberry',NULL);
INSERT INTO products VALUES (480,'Sausage - Blood Pudding',NULL);
INSERT INTO products VALUES (481,'Beef - Bones, Cut - Up',NULL);
INSERT INTO products VALUES (482,'Water - Spring Water 500ml',NULL);
INSERT INTO products VALUES (483,'Wine - Coteaux Du Tricastin Ac',NULL);
INSERT INTO products VALUES (484,'Trout Rainbow Whole',NULL);
INSERT INTO products VALUES (485,'Sausage - Andouille',NULL);
INSERT INTO products VALUES (486,'Tia Maria',NULL);
INSERT INTO products VALUES (487,'Pear - Packum',NULL);
INSERT INTO products VALUES (488,'Ice Cream Bar - Hageen Daz To',NULL);
INSERT INTO products VALUES (489,'Potatoes - Fingerling 4 Oz',NULL);
INSERT INTO products VALUES (490,'Iced Tea Concentrate',NULL);
INSERT INTO products VALUES (491,'Lamb - Whole, Frozen',NULL);
INSERT INTO products VALUES (492,'Foie Gras',NULL);
INSERT INTO products VALUES (493,'Numi - Assorted Teas',NULL);
INSERT INTO products VALUES (494,'Basil - Pesto Sauce',NULL);
INSERT INTO products VALUES (495,'Horseradish Root',NULL);
INSERT INTO products VALUES (496,'Sun - Dried Tomatoes',NULL);
INSERT INTO products VALUES (497,'Nantucket Cranberry Juice',NULL);
INSERT INTO products VALUES (498,'Beef Dry Aged Tenderloin Aaa',NULL);
INSERT INTO products VALUES (499,'Quail - Whole, Boneless',NULL);
INSERT INTO products VALUES (500,'Split Peas - Yellow, Dry',NULL);
INSERT INTO products VALUES (501,'Tea - English Breakfast',NULL);
INSERT INTO products VALUES (502,'Syrup - Monin - Blue Curacao',NULL);
INSERT INTO products VALUES (503,'Bar Special K',NULL);
INSERT INTO products VALUES (504,'Gatorade - Fruit Punch',NULL);
INSERT INTO products VALUES (505,'Juice - Clam, 46 Oz',NULL);
INSERT INTO products VALUES (506,'Liqueur Banana, Ramazzotti',NULL);
INSERT INTO products VALUES (507,'Soho Lychee Liqueur',NULL);
INSERT INTO products VALUES (508,'Sobe - Berry Energy',NULL);
INSERT INTO products VALUES (509,'Pork - Butt, Boneless',NULL);
INSERT INTO products VALUES (510,'Chilli Paste, Ginger Garlic',NULL);
INSERT INTO products VALUES (511,'Beef - Diced',NULL);
INSERT INTO products VALUES (512,'Cookie Dough - Oatmeal Rasin',NULL);
INSERT INTO products VALUES (513,'Beer - Camerons Cream Ale',NULL);
INSERT INTO products VALUES (514,'Fondant - Icing',NULL);
INSERT INTO products VALUES (515,'Vacuum Bags 12x16',NULL);
INSERT INTO products VALUES (516,'Beef - Texas Style Burger',NULL);
INSERT INTO products VALUES (517,'Tomatoes - Roma',NULL);
INSERT INTO products VALUES (518,'Tarragon - Primerba, Paste',NULL);
INSERT INTO products VALUES (519,'Tray - Foam, Square 4 - S',NULL);
INSERT INTO products VALUES (520,'Bagels Poppyseed',NULL);
INSERT INTO products VALUES (521,'Otomegusa Dashi Konbu',NULL);
INSERT INTO products VALUES (522,'Lobster - Live',NULL);
INSERT INTO products VALUES (523,'Cucumber - Pickling Ontario',NULL);
INSERT INTO products VALUES (524,'Bagel - Sesame Seed Presliced',NULL);
INSERT INTO products VALUES (525,'Tomato - Peeled Italian Canned',NULL);
INSERT INTO products VALUES (526,'Bread - Roll, Calabrese',NULL);
INSERT INTO products VALUES (527,'Bread - Corn Muffaleta Onion',NULL);
INSERT INTO products VALUES (528,'Pork - Belly Fresh',NULL);
INSERT INTO products VALUES (529,'Crab Meat Claw Pasteurise',NULL);
INSERT INTO products VALUES (530,'Wine - Dubouef Macon - Villages',NULL);
INSERT INTO products VALUES (531,'Stock - Veal, Brown',NULL);
INSERT INTO products VALUES (532,'Lychee',NULL);
INSERT INTO products VALUES (533,'Bread - Raisin Walnut Pull',NULL);
INSERT INTO products VALUES (534,'Lychee - Canned',NULL);
INSERT INTO products VALUES (535,'Table Cloth 90x90 White',NULL);
INSERT INTO products VALUES (536,'Sugar - Crumb',NULL);
INSERT INTO products VALUES (537,'Tomatoes - Cherry',NULL);
INSERT INTO products VALUES (538,'Star Fruit',NULL);
INSERT INTO products VALUES (539,'Pastry - Carrot Muffin - Mini',NULL);
INSERT INTO products VALUES (540,'Tobasco Sauce',NULL);
INSERT INTO products VALUES (541,'Tuna - Bluefin',NULL);
INSERT INTO products VALUES (542,'Olives - Morracan Dired',NULL);
INSERT INTO products VALUES (543,'Pastry - Baked Scones - Mini',NULL);
INSERT INTO products VALUES (544,'Jameson - Irish Whiskey',NULL);
INSERT INTO products VALUES (545,'Plastic Arrow Stir Stick',NULL);
INSERT INTO products VALUES (546,'Lamb - Shoulder, Boneless',NULL);
INSERT INTO products VALUES (547,'Carroway Seed',NULL);
INSERT INTO products VALUES (548,'Snapple Raspberry Tea',NULL);
INSERT INTO products VALUES (549,'Flax Seed',NULL);
INSERT INTO products VALUES (550,'Cleaner - Comet',NULL);
INSERT INTO products VALUES (551,'Onions - White',NULL);
INSERT INTO products VALUES (552,'Crawfish',NULL);
INSERT INTO products VALUES (553,'Dish Towel',NULL);
INSERT INTO products VALUES (554,'Broom - Angled',NULL);
INSERT INTO products VALUES (555,'Gatorade - Lemon Lime',NULL);
INSERT INTO products VALUES (556,'Bread Crumbs - Panko',NULL);
INSERT INTO products VALUES (557,'Shortbread - Cookie Crumbs',NULL);
INSERT INTO products VALUES (558,'Pasta - Penne, Rigate, Dry',NULL);
INSERT INTO products VALUES (559,'Soap - Pine Sol Floor Cleaner',NULL);
INSERT INTO products VALUES (560,'Water - Spring Water, 355 Ml',NULL);
INSERT INTO products VALUES (561,'Tart Shells - Savory, 2',NULL);
INSERT INTO products VALUES (562,'Flour - Cake',NULL);
INSERT INTO products VALUES (563,'Sansho Powder',NULL);
INSERT INTO products VALUES (564,'Cocoa Powder - Natural',NULL);
INSERT INTO products VALUES (565,'Chickensplit Half',NULL);
INSERT INTO products VALUES (566,'Coconut - Shredded, Unsweet',NULL);
INSERT INTO products VALUES (567,'Whmis Spray Bottle Graduated',NULL);
INSERT INTO products VALUES (568,'Chicken - Tenderloin',NULL);
INSERT INTO products VALUES (569,'Cheese - Goat',NULL);
INSERT INTO products VALUES (570,'Coffee - Decaffeinato Coffee',NULL);
INSERT INTO products VALUES (571,'Flour - Strong',NULL);
INSERT INTO products VALUES (572,'Compound - Rum',NULL);
INSERT INTO products VALUES (573,'Kiwi',NULL);
INSERT INTO products VALUES (574,'Wine - Chateauneuf Du Pape',NULL);
INSERT INTO products VALUES (575,'Wine - Saint - Bris 2002, Sauv',NULL);
INSERT INTO products VALUES (576,'Cranberries - Dry',NULL);
INSERT INTO products VALUES (577,'Cheese - Swiss Sliced',NULL);
INSERT INTO products VALUES (578,'Ginger - Crystalized',NULL);
INSERT INTO products VALUES (579,'Cup - 4oz Translucent',NULL);
INSERT INTO products VALUES (580,'Tomato Puree',NULL);
INSERT INTO products VALUES (581,'Pickle - Dill',NULL);
INSERT INTO products VALUES (582,'Yeast - Fresh, Fleischman',NULL);
INSERT INTO products VALUES (583,'Bread - Sour Sticks With Onion',NULL);
INSERT INTO products VALUES (584,'Cream - 35%',NULL);
INSERT INTO products VALUES (585,'Energy Drink - Franks Original',NULL);
INSERT INTO products VALUES (586,'Pork - European Side Bacon',NULL);
INSERT INTO products VALUES (587,'Tea - Orange Pekoe',NULL);
INSERT INTO products VALUES (588,'Bread - 10 Grain Parisian',NULL);
INSERT INTO products VALUES (589,'Juice - Ocean Spray Kiwi',NULL);
INSERT INTO products VALUES (590,'Wine - Red, Pinot Noir, Chateau',NULL);
INSERT INTO products VALUES (591,'Alize Sunset',NULL);
INSERT INTO products VALUES (592,'Cheese - La Sauvagine',NULL);
INSERT INTO products VALUES (593,'White Fish - Filets',NULL);
INSERT INTO products VALUES (594,'Yucca',NULL);
INSERT INTO products VALUES (595,'Wiberg Cure',NULL);
INSERT INTO products VALUES (596,'Red Snapper - Fillet, Skin On',NULL);
INSERT INTO products VALUES (597,'Dr. Pepper - 355ml',NULL);
INSERT INTO products VALUES (598,'Orange - Canned, Mandarin',NULL);
INSERT INTO products VALUES (599,'Pastry - Cheese Baked Scones',NULL);
INSERT INTO products VALUES (600,'Wine - Saint - Bris 2002, Sauv',NULL);
INSERT INTO products VALUES (601,'Gingerale - Schweppes, 355 Ml',NULL);
INSERT INTO products VALUES (602,'Goulash Seasoning',NULL);
INSERT INTO products VALUES (603,'Scallops - Live In Shell',NULL);
INSERT INTO products VALUES (604,'Lamb Rack - Ontario',NULL);
INSERT INTO products VALUES (605,'Coffee - Flavoured',NULL);
INSERT INTO products VALUES (606,'Rum - Spiced, Captain Morgan',NULL);
INSERT INTO products VALUES (607,'Soup Knorr Chili With Beans',NULL);
INSERT INTO products VALUES (608,'Grenadillo',NULL);
INSERT INTO products VALUES (609,'Pomegranates',NULL);
INSERT INTO products VALUES (610,'Squid - Tubes / Tenticles 10/20',NULL);
INSERT INTO products VALUES (611,'Yogurt - Raspberry, 175 Gr',NULL);
INSERT INTO products VALUES (612,'Oil - Sunflower',NULL);
INSERT INTO products VALUES (613,'Propel Sport Drink',NULL);
INSERT INTO products VALUES (614,'Soup - Chicken And Wild Rice',NULL);
INSERT INTO products VALUES (615,'Tea - Herbal Orange Spice',NULL);
INSERT INTO products VALUES (616,'Catfish - Fillets',NULL);
INSERT INTO products VALUES (617,'Jam - Raspberry',NULL);
INSERT INTO products VALUES (618,'Beer - Sleemans Honey Brown',NULL);
INSERT INTO products VALUES (619,'Pepper - Scotch Bonnet',NULL);
INSERT INTO products VALUES (620,'Anisette - Mcguiness',NULL);
INSERT INTO products VALUES (621,'Pork - Bones',NULL);
INSERT INTO products VALUES (622,'Wine - Crozes Hermitage E.',NULL);
INSERT INTO products VALUES (623,'Lime Cordial - Roses',NULL);
INSERT INTO products VALUES (624,'Wine - White, Schroder And Schyl',NULL);
INSERT INTO products VALUES (625,'Beef - Short Ribs',NULL);
INSERT INTO products VALUES (626,'Juice - V8 Splash',NULL);
INSERT INTO products VALUES (627,'Soup Bowl Clear 8oz92008',NULL);
INSERT INTO products VALUES (628,'Beef - Tenderloin - Aa',NULL);
INSERT INTO products VALUES (629,'Flour - Strong Pizza',NULL);
INSERT INTO products VALUES (630,'Turkey - Breast, Smoked',NULL);
INSERT INTO products VALUES (631,'Wine - White, Cooking',NULL);
INSERT INTO products VALUES (632,'Lamb - Whole, Fresh',NULL);
INSERT INTO products VALUES (633,'Foil - Round Foil',NULL);
INSERT INTO products VALUES (634,'Beans - Yellow',NULL);
INSERT INTO products VALUES (635,'Parasol Pick Stir Stick',NULL);
INSERT INTO products VALUES (636,'Arctic Char - Fillets',NULL);
INSERT INTO products VALUES (637,'Brandy Cherry - Mcguinness',NULL);
INSERT INTO products VALUES (638,'Cleaner - Lime Away',NULL);
INSERT INTO products VALUES (639,'Soup - Campbellschix Stew',NULL);
INSERT INTO products VALUES (640,'Vinegar - Tarragon',NULL);
INSERT INTO products VALUES (641,'Napkin Colour',NULL);
INSERT INTO products VALUES (642,'Beer - Pilsner Urquell',NULL);
INSERT INTO products VALUES (643,'Milk - 2% 250 Ml',NULL);
INSERT INTO products VALUES (644,'Cheese - Le Cru Du Clocher',NULL);
INSERT INTO products VALUES (645,'Bagelers',NULL);
INSERT INTO products VALUES (646,'Oil - Truffle, White',NULL);
INSERT INTO products VALUES (647,'Dill Weed - Dry',NULL);
INSERT INTO products VALUES (648,'Coke - Diet, 355 Ml',NULL);
INSERT INTO products VALUES (649,'Veal - Provimi Inside',NULL);
INSERT INTO products VALUES (650,'Lettuce - Treviso',NULL);
INSERT INTO products VALUES (651,'Beef Cheek Fresh',NULL);
INSERT INTO products VALUES (652,'Wine - Cahors Ac 2000, Clos',NULL);
INSERT INTO products VALUES (653,'Peas - Frozen',NULL);
INSERT INTO products VALUES (654,'Tarragon - Primerba, Paste',NULL);
INSERT INTO products VALUES (655,'Spice - Pepper Portions',NULL);
INSERT INTO products VALUES (656,'Towels - Paper / Kraft',NULL);
INSERT INTO products VALUES (657,'Ketchup - Tomato',NULL);
INSERT INTO products VALUES (658,'Kohlrabi',NULL);
INSERT INTO products VALUES (659,'Chicken - Breast, 5 - 7 Oz',NULL);
INSERT INTO products VALUES (660,'Wine - Kwv Chenin Blanc South',NULL);
INSERT INTO products VALUES (661,'Godiva White Chocolate',NULL);
INSERT INTO products VALUES (662,'Steampan - Lid For Half Size',NULL);
INSERT INTO products VALUES (663,'Cheese - Valancey',NULL);
INSERT INTO products VALUES (664,'Coffee - French Vanilla Frothy',NULL);
INSERT INTO products VALUES (665,'Pastry - French Mini Assorted',NULL);
INSERT INTO products VALUES (666,'Sprouts - Baby Pea Tendrils',NULL);
INSERT INTO products VALUES (667,'Sauce - Fish 25 Ozf Bottle',NULL);
INSERT INTO products VALUES (668,'Ham - Cooked',NULL);
INSERT INTO products VALUES (669,'Wine - Shiraz South Eastern',NULL);
INSERT INTO products VALUES (670,'Coconut Milk - Unsweetened',NULL);
INSERT INTO products VALUES (671,'Sprouts Dikon',NULL);
INSERT INTO products VALUES (672,'Water - San Pellegrino',NULL);
INSERT INTO products VALUES (673,'Cheese - Provolone',NULL);
INSERT INTO products VALUES (674,'Transfer Sheets',NULL);
INSERT INTO products VALUES (675,'Turkey - Whole, Fresh',NULL);
INSERT INTO products VALUES (676,'Beans - Black Bean, Dry',NULL);
INSERT INTO products VALUES (677,'Cheese - Goat',NULL);
INSERT INTO products VALUES (678,'Milk - Buttermilk',NULL);
INSERT INTO products VALUES (679,'Cheese - Mascarpone',NULL);
INSERT INTO products VALUES (680,'Nougat - Paste / Cream',NULL);
INSERT INTO products VALUES (681,'Wine - Stoneliegh Sauvignon',NULL);
INSERT INTO products VALUES (682,'Watercress',NULL);
INSERT INTO products VALUES (683,'Bread - Kimel Stick Poly',NULL);
INSERT INTO products VALUES (684,'Soup - Beef Conomme, Dry',NULL);
INSERT INTO products VALUES (685,'Juice - Apple, 341 Ml',NULL);
INSERT INTO products VALUES (686,'Bandage - Finger Cots',NULL);
INSERT INTO products VALUES (687,'Island Oasis - Pina Colada',NULL);
INSERT INTO products VALUES (688,'Macaroons - Two Bite Choc',NULL);
INSERT INTO products VALUES (689,'Cranberries - Fresh',NULL);
INSERT INTO products VALUES (690,'Wine - Alsace Gewurztraminer',NULL);
INSERT INTO products VALUES (691,'Appetizer - Southwestern',NULL);
INSERT INTO products VALUES (692,'Mushroom - Shitake, Fresh',NULL);
INSERT INTO products VALUES (693,'Longos - Chicken Curried',NULL);
INSERT INTO products VALUES (694,'Jam - Raspberry,jar',NULL);
INSERT INTO products VALUES (695,'Mince Meat - Filling',NULL);
INSERT INTO products VALUES (696,'Strawberries - California',NULL);
INSERT INTO products VALUES (697,'Shrimp - Black Tiger 6 - 8',NULL);
INSERT INTO products VALUES (698,'Shark - Loin',NULL);
INSERT INTO products VALUES (699,'Sorrel - Fresh',NULL);
INSERT INTO products VALUES (700,'Mussels - Cultivated',NULL);
INSERT INTO products VALUES (701,'Veal - Brisket, Provimi, Bone - In',NULL);
INSERT INTO products VALUES (702,'Duck - Legs',NULL);
INSERT INTO products VALUES (703,'Blouse / Shirt / Sweater',NULL);
INSERT INTO products VALUES (704,'Mushroom - Porcini, Dry',NULL);
INSERT INTO products VALUES (705,'Blueberries - Frozen',NULL);
INSERT INTO products VALUES (706,'Muffin Mix - Blueberry',NULL);
INSERT INTO products VALUES (707,'Beer - Creemore',NULL);
INSERT INTO products VALUES (708,'Bread - Bagels, Plain',NULL);
INSERT INTO products VALUES (709,'Baking Soda',NULL);
INSERT INTO products VALUES (710,'Pear - Prickly',NULL);
INSERT INTO products VALUES (711,'Pork - Suckling Pig',NULL);
INSERT INTO products VALUES (712,'Ice Cream Bar - Rolo Cone',NULL);
INSERT INTO products VALUES (713,'Wine - Savigny - Les - Beaune',NULL);
INSERT INTO products VALUES (714,'Croissant, Raw - Mini',NULL);
INSERT INTO products VALUES (715,'Fish - Atlantic Salmon, Cold',NULL);
INSERT INTO products VALUES (716,'Beef - Bones, Marrow',NULL);
INSERT INTO products VALUES (717,'Tomato Paste',NULL);
INSERT INTO products VALUES (718,'Pork - Inside',NULL);
INSERT INTO products VALUES (719,'Bread - Frozen Basket Variety',NULL);
INSERT INTO products VALUES (720,'Vinegar - White',NULL);
INSERT INTO products VALUES (721,'Nut - Cashews, Whole, Raw',NULL);
INSERT INTO products VALUES (722,'Yogurt - Blueberry, 175 Gr',NULL);
INSERT INTO products VALUES (723,'Veal - Kidney',NULL);
INSERT INTO products VALUES (724,'Nantucket - 518ml',NULL);
INSERT INTO products VALUES (725,'Salmon - Sockeye Raw',NULL);
INSERT INTO products VALUES (726,'Soup - Campbells, Minestrone',NULL);
INSERT INTO products VALUES (727,'Venison - Racks Frenched',NULL);
INSERT INTO products VALUES (728,'Oil - Hazelnut',NULL);
INSERT INTO products VALUES (729,'Apple - Northern Spy',NULL);
INSERT INTO products VALUES (730,'Bamboo Shoots - Sliced',NULL);
INSERT INTO products VALUES (731,'Pasta - Orecchiette',NULL);
INSERT INTO products VALUES (732,'Parsley - Dried',NULL);
INSERT INTO products VALUES (733,'Appetizer - Asian Shrimp Roll',NULL);
INSERT INTO products VALUES (734,'Broccoli - Fresh',NULL);
INSERT INTO products VALUES (735,'Wine - Periguita Fonseca',NULL);
INSERT INTO products VALUES (736,'Buffalo - Tenderloin',NULL);
INSERT INTO products VALUES (737,'Wine - Cousino Macul Antiguas',NULL);
INSERT INTO products VALUES (738,'Pepper - Green Thai',NULL);
INSERT INTO products VALUES (739,'Toamtoes 6x7 Select',NULL);
INSERT INTO products VALUES (740,'Noodles - Steamed Chow Mein',NULL);
INSERT INTO products VALUES (741,'Cod - Salted, Boneless',NULL);
INSERT INTO products VALUES (742,'Veal - Kidney',NULL);
INSERT INTO products VALUES (743,'Coffee - Cafe Moreno',NULL);
INSERT INTO products VALUES (744,'Apricots Fresh',NULL);
INSERT INTO products VALUES (745,'Corn Syrup',NULL);
INSERT INTO products VALUES (746,'Scampi Tail',NULL);
INSERT INTO products VALUES (747,'Wine - White, Riesling, Henry Of',NULL);
INSERT INTO products VALUES (748,'Pork - Hock And Feet Attached',NULL);
INSERT INTO products VALUES (749,'Rum - Mount Gay Eclipes',NULL);
INSERT INTO products VALUES (750,'Muffin Carrot - Individual',NULL);
INSERT INTO products VALUES (751,'Wine - Muscadet Sur Lie',NULL);
INSERT INTO products VALUES (752,'Juice - Lagoon Mango',NULL);
INSERT INTO products VALUES (753,'Bread - Olive',NULL);
INSERT INTO products VALUES (754,'Cheese - Sheep Milk',NULL);
INSERT INTO products VALUES (755,'Pate - Cognac',NULL);
INSERT INTO products VALUES (756,'Sprouts - Pea',NULL);
INSERT INTO products VALUES (757,'Croissant, Raw - Mini',NULL);
INSERT INTO products VALUES (758,'Pasta - Fettuccine, Egg, Fresh',NULL);
INSERT INTO products VALUES (759,'Pastry - Plain Baked Croissant',NULL);
INSERT INTO products VALUES (760,'Grenadillo',NULL);
INSERT INTO products VALUES (761,'Saskatoon Berries - Frozen',NULL);
INSERT INTO products VALUES (762,'Towels - Paper / Kraft',NULL);
INSERT INTO products VALUES (763,'Mushroom - King Eryingii',NULL);
INSERT INTO products VALUES (764,'Flower - Potmums',NULL);
INSERT INTO products VALUES (765,'Oil - Coconut',NULL);
INSERT INTO products VALUES (766,'Beef - Chuck, Boneless',NULL);
INSERT INTO products VALUES (767,'Wine - Casablanca Valley',NULL);
INSERT INTO products VALUES (768,'Coconut - Whole',NULL);
INSERT INTO products VALUES (769,'Juice - Grapefruit, 341 Ml',NULL);
INSERT INTO products VALUES (770,'V8 Splash Strawberry Banana',NULL);
INSERT INTO products VALUES (771,'Ostrich - Prime Cut',NULL);
INSERT INTO products VALUES (772,'Icecream - Dstk Strw Chseck',NULL);
INSERT INTO products VALUES (773,'Cleaner - Lime Away',NULL);
INSERT INTO products VALUES (774,'Pepper - Paprika, Hungarian',NULL);
INSERT INTO products VALUES (775,'Milk - 1%',NULL);
INSERT INTO products VALUES (776,'Bacon Strip Precooked',NULL);
INSERT INTO products VALUES (777,'Lentils - Red, Dry',NULL);
INSERT INTO products VALUES (778,'Lid - 10,12,16 Oz',NULL);
INSERT INTO products VALUES (779,'Bread - Olive',NULL);
INSERT INTO products VALUES (780,'Shrimp - Prawn',NULL);
INSERT INTO products VALUES (781,'Sauce - Alfredo',NULL);
INSERT INTO products VALUES (782,'Wine - Touraine Azay - Le - Rideau',NULL);
INSERT INTO products VALUES (783,'Basil - Fresh',NULL);
INSERT INTO products VALUES (784,'Crackers - Soda / Saltins',NULL);
INSERT INTO products VALUES (785,'Oil - Food, Lacquer Spray',NULL);
INSERT INTO products VALUES (786,'Chef Hat 25cm',NULL);
INSERT INTO products VALUES (787,'Coffee Caramel Biscotti',NULL);
INSERT INTO products VALUES (788,'Beef - Ground Lean Fresh',NULL);
INSERT INTO products VALUES (789,'Tea - Decaf Lipton',NULL);
INSERT INTO products VALUES (790,'Mountain Dew',NULL);
INSERT INTO products VALUES (791,'Swiss Chard',NULL);
INSERT INTO products VALUES (792,'Pate - Cognac',NULL);
INSERT INTO products VALUES (793,'Flower - Commercial Spider',NULL);
INSERT INTO products VALUES (794,'Vinegar - Champagne',NULL);
INSERT INTO products VALUES (795,'Dome Lid Clear P92008h',NULL);
INSERT INTO products VALUES (796,'Pear - Packum',NULL);
INSERT INTO products VALUES (797,'Beef - Flank Steak',NULL);
INSERT INTO products VALUES (798,'Beer - Camerons Auburn',NULL);
INSERT INTO products VALUES (799,'Rhubarb',NULL);
INSERT INTO products VALUES (800,'Wine - Remy Pannier Rose',NULL);
INSERT INTO products VALUES (801,'Rabbit - Whole',NULL);
INSERT INTO products VALUES (802,'Puree - Guava',NULL);
INSERT INTO products VALUES (803,'Silicone Parch. 16.3x24.3',NULL);
INSERT INTO products VALUES (804,'Chips - Assorted',NULL);
INSERT INTO products VALUES (805,'Oil - Olive',NULL);
INSERT INTO products VALUES (806,'Chicken - Thigh, Bone In',NULL);
INSERT INTO products VALUES (807,'Coke - Classic, 355 Ml',NULL);
INSERT INTO products VALUES (808,'Beer - Upper Canada Light',NULL);
INSERT INTO products VALUES (809,'Noodles - Steamed Chow Mein',NULL);
INSERT INTO products VALUES (810,'Pork Salted Bellies',NULL);
INSERT INTO products VALUES (811,'Compound - Mocha',NULL);
INSERT INTO products VALUES (812,'Kellogs Raisan Bran Bars',NULL);
INSERT INTO products VALUES (813,'Peas - Frozen',NULL);
INSERT INTO products VALUES (814,'Chocolate - Chips Compound',NULL);
INSERT INTO products VALUES (815,'Cranberry Foccacia',NULL);
INSERT INTO products VALUES (816,'Chicken - Bones',NULL);
INSERT INTO products VALUES (817,'C - Plus, Orange',NULL);
INSERT INTO products VALUES (818,'Pickles - Gherkins',NULL);
INSERT INTO products VALUES (819,'Tofu - Soft',NULL);
INSERT INTO products VALUES (820,'Wine - Balbach Riverside',NULL);
INSERT INTO products VALUES (821,'Beer - Creemore',NULL);
INSERT INTO products VALUES (822,'Chicken - White Meat With Tender',NULL);
INSERT INTO products VALUES (823,'Puree - Blackcurrant',NULL);
INSERT INTO products VALUES (824,'Corn - On The Cob',NULL);
INSERT INTO products VALUES (825,'Kiwi',NULL);
INSERT INTO products VALUES (826,'Shrimp - Prawn',NULL);
INSERT INTO products VALUES (827,'Bread - Pita, Mini',NULL);
INSERT INTO products VALUES (828,'Bandage - Finger Cots',NULL);
INSERT INTO products VALUES (829,'Lid Coffeecup 12oz D9542b',NULL);
INSERT INTO products VALUES (830,'Wine - Piper Heidsieck Brut',NULL);
INSERT INTO products VALUES (831,'Tart Shells - Sweet, 4',NULL);
INSERT INTO products VALUES (832,'Bread - Frozen Basket Variety',NULL);
INSERT INTO products VALUES (833,'Mushroom - Chanterelle Frozen',NULL);
INSERT INTO products VALUES (834,'Juice - Orange 1.89l',NULL);
INSERT INTO products VALUES (835,'Chocolate - Liqueur Cups With Foil',NULL);
INSERT INTO products VALUES (836,'Oil - Pumpkinseed',NULL);
INSERT INTO products VALUES (837,'The Pop Shoppe - Root Beer',NULL);
INSERT INTO products VALUES (838,'Glaze - Apricot',NULL);
INSERT INTO products VALUES (839,'Wine - Cahors Ac 2000, Clos',NULL);
INSERT INTO products VALUES (840,'Garlic - Primerba, Paste',NULL);
INSERT INTO products VALUES (841,'Wine - Redchard Merritt',NULL);
INSERT INTO products VALUES (842,'Pastry - Banana Tea Loaf',NULL);
INSERT INTO products VALUES (843,'Lobster - Cooked',NULL);
INSERT INTO products VALUES (844,'Sauce - Balsamic Viniagrette',NULL);
INSERT INTO products VALUES (845,'Sugar - Sweet N Low, Individual',NULL);
INSERT INTO products VALUES (846,'Soup Campbells Turkey Veg.',NULL);
INSERT INTO products VALUES (847,'Cake - Mini Potato Pancake',NULL);
INSERT INTO products VALUES (848,'Table Cloth 53x53 White',NULL);
INSERT INTO products VALUES (849,'Red Pepper Paste',NULL);
INSERT INTO products VALUES (850,'Pork - Bacon, Sliced',NULL);
INSERT INTO products VALUES (851,'Chocolate Bar - Smarties',NULL);
INSERT INTO products VALUES (852,'Sprouts - Baby Pea Tendrils',NULL);
INSERT INTO products VALUES (853,'Couscous',NULL);
INSERT INTO products VALUES (854,'Smoked Tongue',NULL);
INSERT INTO products VALUES (855,'Soup - Campbells Chili Veg',NULL);
INSERT INTO products VALUES (856,'Veal - Leg',NULL);
INSERT INTO products VALUES (857,'Sauce - Thousand Island',NULL);
INSERT INTO products VALUES (858,'Cookies Cereal Nut',NULL);
INSERT INTO products VALUES (859,'Couscous',NULL);
INSERT INTO products VALUES (860,'Longos - Chicken Caeser Salad',NULL);
INSERT INTO products VALUES (861,'Puff Pastry - Slab',NULL);
INSERT INTO products VALUES (862,'Tea Peppermint',NULL);
INSERT INTO products VALUES (863,'Chocolate - Dark',NULL);
INSERT INTO products VALUES (864,'Eggroll',NULL);
INSERT INTO products VALUES (865,'Coffee Cup 12oz 5342cd',NULL);
INSERT INTO products VALUES (866,'Sprouts - Corn',NULL);
INSERT INTO products VALUES (867,'Table Cloth 72x144 White',NULL);
INSERT INTO products VALUES (868,'Basil - Dry, Rubbed',NULL);
INSERT INTO products VALUES (869,'Mangoes',NULL);
INSERT INTO products VALUES (870,'Bandage - Flexible Neon',NULL);
INSERT INTO products VALUES (871,'Wine - Vovray Sec Domaine Huet',NULL);
INSERT INTO products VALUES (872,'Pastry - French Mini Assorted',NULL);
INSERT INTO products VALUES (873,'Octopus',NULL);
INSERT INTO products VALUES (874,'Lemonade - Kiwi, 591 Ml',NULL);
INSERT INTO products VALUES (875,'Cheese Cloth No 100',NULL);
INSERT INTO products VALUES (876,'Wine - Puligny Montrachet A.',NULL);
INSERT INTO products VALUES (877,'Wine - Magnotta - Red, Baco',NULL);
INSERT INTO products VALUES (878,'Tomatoes - Heirloom',NULL);
INSERT INTO products VALUES (879,'Boogies',NULL);
INSERT INTO products VALUES (880,'Beef - Montreal Smoked Brisket',NULL);
INSERT INTO products VALUES (881,'Nut - Walnut, Chopped',NULL);
INSERT INTO products VALUES (882,'Chinese Lemon Pork',NULL);
INSERT INTO products VALUES (883,'Jicama',NULL);
INSERT INTO products VALUES (884,'Mangoes',NULL);
INSERT INTO products VALUES (885,'Seabream Whole Farmed',NULL);
INSERT INTO products VALUES (886,'Fish - Soup Base, Bouillon',NULL);
INSERT INTO products VALUES (887,'Glycerine',NULL);
INSERT INTO products VALUES (888,'Tea - Lemon Scented',NULL);
INSERT INTO products VALUES (889,'Sausage - Blood Pudding',NULL);
INSERT INTO products VALUES (890,'Onions - Green',NULL);
INSERT INTO products VALUES (891,'Yogurt - Peach, 175 Gr',NULL);
INSERT INTO products VALUES (892,'Milk - 2%',NULL);
INSERT INTO products VALUES (893,'Doilies - 12, Paper',NULL);
INSERT INTO products VALUES (894,'Coffee - Egg Nog Capuccino',NULL);
INSERT INTO products VALUES (895,'Wine - White, Ej',NULL);
INSERT INTO products VALUES (896,'Butter Balls Salted',NULL);
INSERT INTO products VALUES (897,'Bread - Italian Corn Meal Poly',NULL);
INSERT INTO products VALUES (898,'Tandoori Curry Paste',NULL);
INSERT INTO products VALUES (899,'Compound - Passion Fruit',NULL);
INSERT INTO products VALUES (900,'Couscous',NULL);
INSERT INTO products VALUES (901,'Creme De Menthe Green',NULL);
INSERT INTO products VALUES (902,'Soup - Campbells Asian Noodle',NULL);
INSERT INTO products VALUES (903,'Wine - Carmenere Casillero Del',NULL);
INSERT INTO products VALUES (904,'Truffle Paste',NULL);
INSERT INTO products VALUES (905,'Vinegar - Balsamic, White',NULL);
INSERT INTO products VALUES (906,'Vodka - Lemon, Absolut',NULL);
INSERT INTO products VALUES (907,'Glass Clear 8 Oz',NULL);
INSERT INTO products VALUES (908,'Pork - Loin, Boneless',NULL);
INSERT INTO products VALUES (909,'Nori Sea Weed',NULL);
INSERT INTO products VALUES (910,'Bar Bran Honey Nut',NULL);
INSERT INTO products VALUES (911,'Oil - Truffle, Black',NULL);
INSERT INTO products VALUES (912,'Coffee - Frthy Coffee Crisp',NULL);
INSERT INTO products VALUES (913,'Lettuce - Arugula',NULL);
INSERT INTO products VALUES (914,'Kohlrabi',NULL);
INSERT INTO products VALUES (915,'Garbag Bags - Black',NULL);
INSERT INTO products VALUES (916,'Spice - Paprika',NULL);
INSERT INTO products VALUES (917,'Kellogs Raisan Bran Bars',NULL);
INSERT INTO products VALUES (918,'Yogurt - Banana, 175 Gr',NULL);
INSERT INTO products VALUES (919,'Nacho Chips',NULL);
INSERT INTO products VALUES (920,'Lidsoupcont Rp12dn',NULL);
INSERT INTO products VALUES (921,'Lemon Grass',NULL);
INSERT INTO products VALUES (922,'Chilli Paste, Ginger Garlic',NULL);
INSERT INTO products VALUES (923,'Veal - Bones',NULL);
INSERT INTO products VALUES (924,'Oven Mitts 17 Inch',NULL);
INSERT INTO products VALUES (925,'Salsify, Organic',NULL);
INSERT INTO products VALUES (926,'Nantucket - Carrot Orange',NULL);
INSERT INTO products VALUES (927,'Nut - Almond, Blanched, Ground',NULL);
INSERT INTO products VALUES (928,'Beef - Ground Medium',NULL);
INSERT INTO products VALUES (929,'Lumpfish Black',NULL);
INSERT INTO products VALUES (930,'Wine - Sicilia Igt Nero Avola',NULL);
INSERT INTO products VALUES (931,'Pea - Snow',NULL);
INSERT INTO products VALUES (932,'Hipnotiq Liquor',NULL);
INSERT INTO products VALUES (933,'Lamb - Rack',NULL);
INSERT INTO products VALUES (934,'Red Pepper Paste',NULL);
INSERT INTO products VALUES (935,'Beer - Steamwhistle',NULL);
INSERT INTO products VALUES (936,'Gin - Gilbeys London, Dry',NULL);
INSERT INTO products VALUES (937,'Wine - Coteaux Du Tricastin Ac',NULL);
INSERT INTO products VALUES (938,'Scallop - St. Jaques',NULL);
INSERT INTO products VALUES (939,'Broom - Corn',NULL);
INSERT INTO products VALUES (940,'Plaintain',NULL);
INSERT INTO products VALUES (941,'Loaf Pan - 2 Lb, Foil',NULL);
INSERT INTO products VALUES (942,'Coffee - Frthy Coffee Crisp',NULL);
INSERT INTO products VALUES (943,'Icecream - Dstk Super Cone',NULL);
INSERT INTO products VALUES (944,'Carbonated Water - Blackcherry',NULL);
INSERT INTO products VALUES (945,'Sultanas',NULL);
INSERT INTO products VALUES (946,'Pork Ham Prager',NULL);
INSERT INTO products VALUES (947,'Chinese Foods - Chicken Wing',NULL);
INSERT INTO products VALUES (948,'Waffle Stix',NULL);
INSERT INTO products VALUES (949,'Truffle Cups Green',NULL);
INSERT INTO products VALUES (950,'Skirt - 24 Foot',NULL);
INSERT INTO products VALUES (951,'Mushroom - Chanterelle Frozen',NULL);
INSERT INTO products VALUES (952,'Veal - Knuckle',NULL);
INSERT INTO products VALUES (953,'Arctic Char - Fresh, Whole',NULL);
INSERT INTO products VALUES (954,'Beef - Rib Eye Aaa',NULL);
INSERT INTO products VALUES (955,'Squash - Guords',NULL);
INSERT INTO products VALUES (956,'Flower - Daisies',NULL);
INSERT INTO products VALUES (957,'Lobster - Cooked',NULL);
INSERT INTO products VALUES (958,'Chicken - Base',NULL);
INSERT INTO products VALUES (959,'Salad Dressing',NULL);
INSERT INTO products VALUES (960,'Lettuce - Lolla Rosa',NULL);
INSERT INTO products VALUES (961,'Food Colouring - Red',NULL);
INSERT INTO products VALUES (962,'Soup - Beef, Base Mix',NULL);
INSERT INTO products VALUES (963,'Wine - Marlbourough Sauv Blanc',NULL);
INSERT INTO products VALUES (964,'Wine - Magnotta, White',NULL);
INSERT INTO products VALUES (965,'Cheese - Brie, Cups 125g',NULL);
INSERT INTO products VALUES (966,'Cream - 18%',NULL);
INSERT INTO products VALUES (967,'Chocolate - Milk, Callets',NULL);
INSERT INTO products VALUES (968,'Pasta - Penne Primavera, Single',NULL);
INSERT INTO products VALUES (969,'Smirnoff Green Apple Twist',NULL);
INSERT INTO products VALUES (970,'Compound - Passion Fruit',NULL);
INSERT INTO products VALUES (971,'Beans - Navy, Dry',NULL);
INSERT INTO products VALUES (972,'Hog / Sausage Casing - Pork',NULL);
INSERT INTO products VALUES (973,'Beef - Rib Eye Aaa',NULL);
INSERT INTO products VALUES (974,'Lobster - Tail, 3 - 4 Oz',NULL);
INSERT INTO products VALUES (975,'Tart Shells - Barquettes, Savory',NULL);
INSERT INTO products VALUES (976,'Veal Inside - Provimi',NULL);
INSERT INTO products VALUES (977,'Crush - Cream Soda',NULL);
INSERT INTO products VALUES (978,'Watercress',NULL);
INSERT INTO products VALUES (979,'Coffee - Beans, Whole',NULL);
INSERT INTO products VALUES (980,'Zucchini - Yellow',NULL);
INSERT INTO products VALUES (981,'Beef - Sushi Flat Iron Steak',NULL);
INSERT INTO products VALUES (982,'Wine - Cotes Du Rhone Parallele',NULL);
INSERT INTO products VALUES (983,'Calaloo',NULL);
INSERT INTO products VALUES (984,'Longos - Chicken Curried',NULL);
INSERT INTO products VALUES (985,'Muffin Puck Ww Carrot',NULL);
INSERT INTO products VALUES (986,'Spinach - Baby',NULL);
INSERT INTO products VALUES (987,'Tuna - Salad Premix',NULL);
INSERT INTO products VALUES (988,'Tomatoes - Yellow Hot House',NULL);
INSERT INTO products VALUES (989,'Pasta - Fettuccine, Dry',NULL);
INSERT INTO products VALUES (990,'Port - 74 Brights',NULL);
INSERT INTO products VALUES (991,'Chestnuts - Whole,canned',NULL);
INSERT INTO products VALUES (992,'Veal - Eye Of Round',NULL);
INSERT INTO products VALUES (993,'Soup - French Onion, Dry',NULL);
INSERT INTO products VALUES (994,'Filter - Coffee',NULL);
INSERT INTO products VALUES (995,'Basil - Fresh',NULL);
INSERT INTO products VALUES (996,'Banana - Leaves',NULL);
INSERT INTO products VALUES (997,'Hagen Daza - Dk Choocolate',NULL);
INSERT INTO products VALUES (998,'Soup Campbells Split Pea And Ham',NULL);
INSERT INTO products VALUES (999,'Scallops - Live In Shell',NULL);
INSERT INTO products VALUES (1000,'Wine - German Riesling',NULL);
COMMIT;
